Date,VFIAX,VMLTX,0P0001FD85.HK
2019-01-02 00:00:00-05:00,217.532135,10.25715256,1001.26001
2019-01-03 00:00:00-05:00,212.2095337,10.26658726,1001.333984
2019-01-04 00:00:00-05:00,219.4941101,10.26658726,1001.405029
2019-01-07 00:00:00-05:00,221.0335999,10.26658726,1001.617004
2019-01-08 00:00:00-05:00,223.1739349,10.26658726,1001.703979
2019-01-09 00:00:00-05:00,224.1596069,10.26658726,1001.758972
2019-01-10 00:00:00-05:00,225.1733856,10.26658726,1001.835999
2019-01-11 00:00:00-05:00,225.1452332,10.27602673,1001.903992
2019-01-14 00:00:00-05:00,223.9812012,10.27602673,1002.088989
2019-01-15 00:00:00-05:00,226.3843689,10.27602673,1002.150024
2019-01-16 00:00:00-05:00,226.9006805,10.27602673,1002.210022
2019-01-17 00:00:00-05:00,228.6467133,10.27602673,1002.267029
2019-01-18 00:00:00-05:00,231.6600037,10.27602673,1002.320007
2019-01-22 00:00:00-05:00,228.3932495,10.28546333,1002.517029
2019-01-23 00:00:00-05:00,228.8907623,10.27602673,1002.570984
2019-01-24 00:00:00-05:00,229.2099457,10.28546333,1002.625977
2019-01-25 00:00:00-05:00,231.1719208,10.28546333,1002.679016
2019-01-28 00:00:00-05:00,229.3507385,10.28546333,1002.810974
2019-01-29 00:00:00-05:00,229.0221863,10.28546333,1002.856018
2019-01-30 00:00:00-05:00,232.6081543,10.28546333,1002.903992
2019-01-31 00:00:00-05:00,234.6639862,10.31192589,1002.950989
2019-02-01 00:00:00-05:00,234.8986664,10.31192589,1003.002991
2019-02-04 00:00:00-05:00,236.4944916,10.31192589,1003.133972
2019-02-05 00:00:00-05:00,237.6115875,10.3213768,1003.133972
2019-02-06 00:00:00-05:00,237.1046906,10.3213768,1003.133972
2019-02-07 00:00:00-05:00,234.9268341,10.3213768,1003.133972
2019-02-08 00:00:00-05:00,235.1614685,10.33082771,1003.278015
2019-02-11 00:00:00-05:00,235.3305054,10.33082771,1003.393982
2019-02-12 00:00:00-05:00,238.3813477,10.33082771,1003.429016
2019-02-13 00:00:00-05:00,239.1135406,10.3213768,1003.458984
2019-02-14 00:00:00-05:00,238.5691223,10.3213768,1003.494019
2019-02-15 00:00:00-05:00,241.1881409,10.33082771,1003.530029
2019-02-19 00:00:00-05:00,241.5636444,10.33082771,1003.674011
2019-02-20 00:00:00-05:00,242.0424347,10.33082771,1003.713013
2019-02-21 00:00:00-05:00,241.1975403,10.33082771,1003.75
2019-02-22 00:00:00-05:00,242.7558441,10.33082771,1003.786011
2019-02-25 00:00:00-05:00,243.0937653,10.33082771,1003.898987
2019-02-26 00:00:00-05:00,242.8966827,10.34027958,1003.93103
2019-02-27 00:00:00-05:00,242.8027802,10.34027958,1003.960999
2019-02-28 00:00:00-05:00,242.1925964,10.34595776,1003.991028
2019-03-01 00:00:00-05:00,243.8729248,10.34595776,1004.02002
2019-03-04 00:00:00-05:00,242.9342041,10.34595776,1004.125
2019-03-05 00:00:00-05:00,242.6619873,10.34595776,1004.15802
2019-03-06 00:00:00-05:00,241.0943298,10.34595776,1004.190002
2019-03-07 00:00:00-05:00,239.1792755,10.35542297,1004.223999
2019-03-08 00:00:00-05:00,238.7005615,10.35542297,1004.247986
2019-03-11 00:00:00-04:00,242.2019958,10.35542297,1004.348999
2019-03-12 00:00:00-04:00,242.9248047,10.35542297,1004.382996
2019-03-13 00:00:00-04:00,244.6426697,10.35542297,1004.414978
2019-03-14 00:00:00-04:00,244.5018463,10.35542297,1004.448975
2019-03-15 00:00:00-04:00,245.7315979,10.35542297,1004.481018
2019-03-18 00:00:00-04:00,246.6515656,10.35542297,1004.585022
2019-03-19 00:00:00-04:00,246.6233826,10.35542297,1004.617004
2019-03-20 00:00:00-04:00,245.9116821,10.35542297,1004.651001
2019-03-21 00:00:00-04:00,248.601944,10.36489487,1004.687988
2019-03-22 00:00:00-04:00,243.8916016,10.37435722,1004.723999
2019-03-25 00:00:00-04:00,243.712204,10.37435722,1004.841003
2019-03-26 00:00:00-04:00,245.4585571,10.37435722,1004.888977
2019-03-27 00:00:00-04:00,244.3257751,10.38382435,1004.932007
2019-03-28 00:00:00-04:00,245.2414246,10.38382435,1004.974976
2019-03-29 00:00:00-04:00,246.9028473,10.4008894,1005.017029
2019-04-01 00:00:00-04:00,249.7630157,10.4008894,1005.148987
2019-04-02 00:00:00-04:00,249.7724915,10.4008894,1005.190002
2019-04-03 00:00:00-04:00,250.3105774,10.39140892,1005.229004
2019-04-04 00:00:00-04:00,250.8863525,10.39140892,1005.257996
2019-04-05 00:00:00-04:00,252.0568695,10.39140892,1005.257996
2019-04-08 00:00:00-04:00,252.3211823,10.39140892,1005.429993
2019-04-09 00:00:00-04:00,250.8674469,10.39140892,1005.469971
2019-04-10 00:00:00-04:00,251.7642365,10.39140892,1005.512024
2019-04-11 00:00:00-04:00,251.7736664,10.39140892,1005.559021
2019-04-12 00:00:00-04:00,253.4633636,10.39140892,1005.611023
2019-04-15 00:00:00-04:00,253.3123627,10.39140892,1005.757019
2019-04-16 00:00:00-04:00,253.4444733,10.39140892,1005.802979
2019-04-17 00:00:00-04:00,252.8874969,10.38192844,1005.848022
2019-04-18 00:00:00-04:00,253.2934418,10.38192844,1005.892029
2019-04-22 00:00:00-04:00,253.5578156,10.39140892,1005.892029
2019-04-23 00:00:00-04:00,255.8138123,10.39140892,1006.124023
2019-04-24 00:00:00-04:00,255.2475433,10.39140892,1006.163025
2019-04-25 00:00:00-04:00,255.1624908,10.39140892,1006.200012
2019-04-26 00:00:00-04:00,256.3613281,10.4008894,1006.254028
2019-04-29 00:00:00-04:00,256.6445313,10.4008894,1006.401001
2019-04-30 00:00:00-04:00,256.899353,10.4179821,1006.448975
2019-05-01 00:00:00-04:00,254.9737091,10.4179821,1006.448975
2019-05-02 00:00:00-04:00,254.4450989,10.4179821,1006.552002
2019-05-03 00:00:00-04:00,256.9183044,10.4179821,1006.599976
2019-05-06 00:00:00-04:00,255.7949982,10.4179821,1006.744019
2019-05-07 00:00:00-04:00,251.5754852,10.42747879,1006.796997
2019-05-08 00:00:00-04:00,251.1790466,10.42747879,1006.843994
2019-05-09 00:00:00-04:00,250.5087433,10.42747879,1006.892029
2019-05-10 00:00:00-04:00,251.5282135,10.42747879,1006.939026
2019-05-13 00:00:00-04:00,245.4585571,10.43697739,1006.939026
2019-05-14 00:00:00-04:00,247.4597321,10.43697739,1007.130981
2019-05-15 00:00:00-04:00,248.9512177,10.44647217,1007.179016
2019-05-16 00:00:00-04:00,251.2451019,10.44647217,1007.224976
2019-05-17 00:00:00-04:00,249.8008118,10.44647217,1007.27002
2019-05-20 00:00:00-04:00,248.111145,10.44647217,1007.411987
2019-05-21 00:00:00-04:00,250.2256165,10.44647217,1007.460999
2019-05-22 00:00:00-04:00,249.5270081,10.44647217,1007.508972
2019-05-23 00:00:00-04:00,246.5724182,10.44647217,1007.554993
2019-05-24 00:00:00-04:00,246.9499969,10.45596981,1007.603027
2019-05-28 00:00:00-04:00,244.8827667,10.45596981,1007.797974
2019-05-29 00:00:00-04:00,243.1930542,10.46547031,1007.857971
2019-05-30 00:00:00-04:00,243.7311401,10.46547031,1007.901001
2019-05-31 00:00:00-04:00,240.5688629,10.48259163,1007.947021
2019-06-03 00:00:00-04:00,239.9080505,10.49210167,1008.086975
2019-06-04 00:00:00-04:00,245.0526733,10.49210167,1008.161987
2019-06-05 00:00:00-04:00,247.0821838,10.49210167,1008.208984
2019-06-06 00:00:00-04:00,248.668045,10.49210167,1008.257019
2019-06-07 00:00:00-04:00,251.301712,10.50161266,1008.257019
2019-06-10 00:00:00-04:00,252.472229,10.49210167,1008.450989
2019-06-11 00:00:00-04:00,252.3966827,10.49210167,1008.5
2019-06-12 00:00:00-04:00,251.8869171,10.49210167,1008.549011
2019-06-13 00:00:00-04:00,252.9913788,10.49210167,1008.599976
2019-06-14 00:00:00-04:00,252.62323,10.49210167,1008.655029
2019-06-17 00:00:00-04:00,252.8592224,10.49210167,1008.817017
2019-06-18 00:00:00-04:00,255.3229828,10.49210167,1008.872009
2019-06-19 00:00:00-04:00,256.0875854,10.49210167,1008.93103
2019-06-20 00:00:00-04:00,258.5324402,10.50161266,1008.989014
2019-06-21 00:00:00-04:00,258.2209167,10.50161266,1009.046997
2019-06-24 00:00:00-04:00,257.7772522,10.51112747,1009.218994
2019-06-25 00:00:00-04:00,255.3323975,10.51112747,1009.276978
2019-06-26 00:00:00-04:00,255.0089111,10.51112747,1009.335022
2019-06-27 00:00:00-04:00,256.0240784,10.51112747,1009.393982
2019-06-28 00:00:00-04:00,257.5137634,10.52732086,1009.450012
2019-07-01 00:00:00-04:00,259.4873657,10.52732086,1009.450012
2019-07-02 00:00:00-04:00,260.2558594,10.52732086,1009.708984
2019-07-03 00:00:00-04:00,262.3148804,10.52732086,1009.768005
2019-07-05 00:00:00-04:00,261.868927,10.52732086,1009.900024
2019-07-08 00:00:00-04:00,260.6069641,10.52732086,1010.10199
2019-07-09 00:00:00-04:00,261.0054932,10.52732086,1010.171021
2019-07-10 00:00:00-04:00,262.1914978,10.53684902,1010.23999
2019-07-11 00:00:00-04:00,262.7893066,10.54637909,1010.307983
2019-07-12 00:00:00-04:00,264.0227661,10.54637909,1010.377014
2019-07-15 00:00:00-04:00,264.0702209,10.54637909,1010.58197
2019-07-16 00:00:00-04:00,263.1782837,10.54637909,1010.651001
2019-07-17 00:00:00-04:00,261.460907,10.54637909,1010.719971
2019-07-18 00:00:00-04:00,262.4287415,10.55590248,1010.780029
2019-07-19 00:00:00-04:00,260.8157349,10.55590248,1010.843018
2019-07-22 00:00:00-04:00,261.5558777,10.55590248,1011.033997
2019-07-23 00:00:00-04:00,263.3490906,10.55590248,1011.096985
2019-07-24 00:00:00-04:00,264.5921326,10.55590248,1011.15802
2019-07-25 00:00:00-04:00,263.2068176,10.55590248,1011.218994
2019-07-26 00:00:00-04:00,265.1519165,10.55590248,1011.280029
2019-07-29 00:00:00-04:00,264.7249146,10.56543064,1011.463989
2019-07-30 00:00:00-04:00,264.0702209,10.56543064,1011.520996
2019-07-31 00:00:00-04:00,261.1953125,10.58260822,1011.520996
2019-08-01 00:00:00-04:00,258.8800964,10.59214878,1011.632019
2019-08-02 00:00:00-04:00,257.0108948,10.60169125,1011.687988
2019-08-05 00:00:00-04:00,249.3632507,10.61123562,1011.859009
2019-08-06 00:00:00-04:00,252.636795,10.62077713,1011.914001
2019-08-07 00:00:00-04:00,252.8359985,10.63031864,1011.971008
2019-08-08 00:00:00-04:00,257.6560669,10.62077713,1012.028015
2019-08-09 00:00:00-04:00,255.995575,10.62077713,1012.083984
2019-08-12 00:00:00-04:00,252.9783478,10.63031864,1012.257996
2019-08-13 00:00:00-04:00,256.7167664,10.63031864,1012.312988
2019-08-14 00:00:00-04:00,249.2684326,10.63031864,1012.367981
2019-08-15 00:00:00-04:00,249.9326019,10.63031864,1012.421997
2019-08-16 00:00:00-04:00,253.5856018,10.63031864,1012.476013
2019-08-19 00:00:00-04:00,256.6693115,10.63031864,1012.648987
2019-08-20 00:00:00-04:00,254.6578064,10.63031864,1012.70697
2019-08-21 00:00:00-04:00,256.7736816,10.62077713,1012.762024
2019-08-22 00:00:00-04:00,256.6408997,10.62077713,1012.817993
2019-08-23 00:00:00-04:00,249.9895325,10.62077713,1012.872986
2019-08-26 00:00:00-04:00,252.7601318,10.62077713,1013.041992
2019-08-27 00:00:00-04:00,251.9536438,10.62077713,1013.098999
2019-08-28 00:00:00-04:00,253.6045837,10.62077713,1013.158997
2019-08-29 00:00:00-04:00,256.8685913,10.61123562,1013.216003
2019-08-30 00:00:00-04:00,257.0678101,10.62748432,1013.273987
2019-09-03 00:00:00-04:00,255.3125153,10.62748432,1013.515015
2019-09-04 00:00:00-04:00,258.1020508,10.62748432,1013.572998
2019-09-05 00:00:00-04:00,261.5178528,10.61792564,1013.630981
2019-09-06 00:00:00-04:00,261.7645264,10.61792564,1013.690002
2019-09-09 00:00:00-04:00,261.7645264,10.60836983,1013.866028
2019-09-10 00:00:00-04:00,261.8499146,10.59880924,1013.924988
2019-09-11 00:00:00-04:00,263.7570801,10.58925438,1013.984009
2019-09-12 00:00:00-04:00,264.5636292,10.5796957,1014.044006
2019-09-13 00:00:00-04:00,264.4403076,10.55102825,1014.103027
2019-09-16 00:00:00-04:00,263.6242981,10.55102825,1014.284973
2019-09-17 00:00:00-04:00,264.2979126,10.54146767,1014.344971
2019-09-18 00:00:00-04:00,264.3928833,10.55102825,1014.403992
2019-09-19 00:00:00-04:00,264.4118042,10.55102825,1014.463989
2019-09-20 00:00:00-04:00,263.1308899,10.56058216,1014.52301
2019-09-23 00:00:00-04:00,263.111908,10.56058216,1014.703979
2019-09-24 00:00:00-04:00,260.910614,10.57013893,1014.763
2019-09-25 00:00:00-04:00,262.5245972,10.57013893,1014.822021
2019-09-26 00:00:00-04:00,261.9049683,10.57013893,1014.880981
2019-09-27 00:00:00-04:00,260.551178,10.57013893,1014.942017
2019-09-30 00:00:00-04:00,261.8764038,10.58641148,1015.127991
2019-10-01 00:00:00-04:00,258.6730957,10.58641148,1015.127991
2019-10-02 00:00:00-04:00,254.049408,10.58641148,1015.257019
2019-10-03 00:00:00-04:00,256.137146,10.60555267,1015.320007
2019-10-04 00:00:00-04:00,259.7789612,10.60555267,1015.380981
2019-10-07 00:00:00-04:00,258.6158447,10.61512566,1015.380981
2019-10-08 00:00:00-04:00,254.5926971,10.62470245,1015.622986
2019-10-09 00:00:00-04:00,256.9952087,10.62470245,1015.684021
2019-10-10 00:00:00-04:00,258.6444702,10.61512566,1015.744019
2019-10-11 00:00:00-04:00,261.5045166,10.60555267,1015.802979
2019-10-14 00:00:00-04:00,261.1423035,10.60555267,1015.981018
2019-10-15 00:00:00-04:00,263.7449036,10.60555267,1016.039978
2019-10-16 00:00:00-04:00,263.2301636,10.60555267,1016.098999
2019-10-17 00:00:00-04:00,263.9737854,10.59598541,1016.15802
2019-10-18 00:00:00-04:00,262.9536133,10.59598541,1016.215027
2019-10-21 00:00:00-04:00,264.7650146,10.58641148,1016.388977
2019-10-22 00:00:00-04:00,263.830719,10.58641148,1016.447021
2019-10-23 00:00:00-04:00,264.5839233,10.58641148,1016.504028
2019-10-24 00:00:00-04:00,265.0986938,10.58641148,1016.560974
2019-10-25 00:00:00-04:00,266.1759644,10.58641148,1016.619019
2019-10-28 00:00:00-04:00,267.663208,10.58641148,1016.794983
2019-10-29 00:00:00-04:00,267.5774231,10.57683945,1016.854004
2019-10-30 00:00:00-04:00,268.3400879,10.58641148,1016.911987
2019-10-31 00:00:00-04:00,267.5392456,10.61229515,1016.968994
2019-11-01 00:00:00-04:00,270.1514587,10.61229515,1017.030029
2019-11-04 00:00:00-05:00,271.1524963,10.61229515,1017.20697
2019-11-05 00:00:00-05:00,270.8283081,10.60270691,1017.263
2019-11-06 00:00:00-05:00,271.0380249,10.60270691,1017.320007
2019-11-07 00:00:00-05:00,271.9056091,10.59312057,1017.377014
2019-11-08 00:00:00-05:00,272.658783,10.59312057,1017.434998
2019-11-11 00:00:00-05:00,272.1152954,10.59312057,1017.612
2019-11-12 00:00:00-05:00,272.563446,10.59312057,1017.671021
2019-11-13 00:00:00-05:00,272.7636414,10.60270691,1017.731018
2019-11-14 00:00:00-05:00,273.0592346,10.60270691,1017.794006
2019-11-15 00:00:00-05:00,275.2042236,10.60270691,1017.85498
2019-11-18 00:00:00-05:00,275.3472595,10.60270691,1018.039978
2019-11-19 00:00:00-05:00,275.2042236,10.60270691,1018.101013
2019-11-20 00:00:00-05:00,274.22229,10.61229515,1018.161011
2019-11-21 00:00:00-05:00,273.8123474,10.61229515,1018.223022
2019-11-22 00:00:00-05:00,274.4033813,10.61229515,1018.289001
2019-11-25 00:00:00-05:00,276.5007629,10.61229515,1018.486023
2019-11-26 00:00:00-05:00,277.1109009,10.61229515,1018.549011
2019-11-27 00:00:00-05:00,278.3026123,10.61229515,1018.614014
2019-11-29 00:00:00-05:00,277.2539368,10.62765694,1018.745972
2019-12-02 00:00:00-05:00,274.8610535,10.62765694,1018.942017
2019-12-03 00:00:00-05:00,273.0496826,10.63725567,1019.002991
2019-12-04 00:00:00-05:00,274.8038025,10.63725567,1019.065979
2019-12-05 00:00:00-05:00,275.2900696,10.63725567,1019.130005
2019-12-06 00:00:00-05:00,277.8164063,10.63725567,1019.19397
2019-12-09 00:00:00-05:00,276.9678955,10.63725567,1019.390015
2019-12-10 00:00:00-05:00,276.6724243,10.63725567,1019.45697
2019-12-11 00:00:00-05:00,277.4732361,10.64686012,1019.52301
2019-12-12 00:00:00-05:00,279.8947144,10.63725567,1019.588013
2019-12-13 00:00:00-05:00,279.9614258,10.63725567,1019.653992
2019-12-16 00:00:00-05:00,281.9729614,10.63725567,1019.854004
2019-12-17 00:00:00-05:00,282.0683594,10.64686012,1019.921997
2019-12-18 00:00:00-05:00,281.9729614,10.63725567,1019.991028
2019-12-19 00:00:00-05:00,283.2505188,10.63725567,1020.064026
2019-12-20 00:00:00-05:00,284.6711731,10.63725567,1020.137024
2019-12-23 00:00:00-05:00,284.9107056,10.63725567,1020.357971
2019-12-24 00:00:00-05:00,284.8819275,10.63725567,1020.432983
2019-12-26 00:00:00-05:00,286.3667603,10.63725567,1020.432983
2019-12-27 00:00:00-05:00,286.3763733,10.63725567,1020.664001
2019-12-30 00:00:00-05:00,284.7573853,10.63725567,1020.898987
2019-12-31 00:00:00-05:00,285.6099854,10.65360355,1020.986023
2020-01-02 00:00:00-05:00,288.0432739,10.66322041,1021.14801
2020-01-03 00:00:00-05:00,286.0411072,10.67283249,1021.224976
2020-01-06 00:00:00-05:00,287.0470276,10.67283249,1021.452026
2020-01-07 00:00:00-05:00,286.2710266,10.68244743,1021.526978
2020-01-08 00:00:00-05:00,287.6888428,10.68244743,1021.60199
2020-01-09 00:00:00-05:00,289.681427,10.68244743,1021.676025
2020-01-10 00:00:00-05:00,288.8479614,10.68244743,1021.749023
2020-01-13 00:00:00-05:00,290.8692322,10.68244743,1021.973999
2020-01-14 00:00:00-05:00,290.4573975,10.69206047,1022.047974
2020-01-15 00:00:00-05:00,291.0033875,10.70167923,1022.119995
2020-01-16 00:00:00-05:00,293.446228,10.70167923,1022.19397
2020-01-17 00:00:00-05:00,294.5862427,10.70167923,1022.265991
2020-01-21 00:00:00-05:00,293.8102722,10.71129227,1022.54303
2020-01-22 00:00:00-05:00,293.9060059,10.71129227,1022.617981
2020-01-23 00:00:00-05:00,294.2605591,10.71129227,1022.684998
2020-01-24 00:00:00-05:00,291.6068726,10.71129227,1022.752014
2020-01-27 00:00:00-05:00,287.018219,10.72090816,1022.752014
2020-01-28 00:00:00-05:00,289.9113464,10.72090816,1022.752014
2020-01-29 00:00:00-05:00,289.6622009,10.72090816,1023.075989
2020-01-30 00:00:00-05:00,290.6201782,10.72090816,1023.140991
2020-01-31 00:00:00-05:00,285.4950256,10.73631382,1023.205017
2020-02-03 00:00:00-05:00,287.56427,10.73631382,1023.400024
2020-02-04 00:00:00-05:00,291.8751831,10.73631382,1023.468018
2020-02-05 00:00:00-05:00,295.1705627,10.72668648,1023.531982
2020-02-06 00:00:00-05:00,296.1956177,10.72668648,1023.596008
2020-02-07 00:00:00-05:00,294.6533203,10.72668648,1023.661011
2020-02-10 00:00:00-05:00,296.8566284,10.72668648,1023.854004
2020-02-11 00:00:00-05:00,297.3739014,10.72668648,1023.91803
2020-02-12 00:00:00-05:00,299.2994385,10.72668648,1023.97998
2020-02-13 00:00:00-05:00,298.9162598,10.72668648,1024.042969
2020-02-14 00:00:00-05:00,299.5101929,10.72668648,1024.10498
2020-02-18 00:00:00-05:00,298.6480103,10.73631382,1024.354004
2020-02-19 00:00:00-05:00,300.1136475,10.73631382,1024.416016
2020-02-20 00:00:00-05:00,298.9737549,10.73631382,1024.475952
2020-02-21 00:00:00-05:00,295.8411865,10.74594402,1024.536987
2020-02-24 00:00:00-05:00,285.9548645,10.75557327,1024.719971
2020-02-25 00:00:00-05:00,277.3044128,10.76520348,1024.780029
2020-02-26 00:00:00-05:00,276.2505798,10.76520348,1024.839966
2020-02-27 00:00:00-05:00,264.1035156,10.76520348,1024.896973
2020-02-28 00:00:00-05:00,261.9768372,10.7796669,1024.956055
2020-03-02 00:00:00-05:00,274.0376587,10.78930855,1025.139038
2020-03-03 00:00:00-05:00,266.3547974,10.78930855,1025.19397
2020-03-04 00:00:00-05:00,277.6013794,10.78930855,1025.240967
2020-03-05 00:00:00-05:00,268.2419739,10.7989502,1025.301025
2020-03-06 00:00:00-05:00,263.6819763,10.80858994,1025.362061
2020-03-09 00:00:00-04:00,243.5925293,10.82787418,1025.545044
2020-03-10 00:00:00-04:00,255.6187134,10.78930855,1025.602051
2020-03-11 00:00:00-04:00,243.1595764,10.72181225,1025.660034
2020-03-12 00:00:00-04:00,220.0789642,10.58682442,1025.718018
2020-03-13 00:00:00-04:00,240.5908051,10.58682442,1025.776978
2020-03-16 00:00:00-04:00,211.7760773,10.56754398,1025.954956
2020-03-17 00:00:00-04:00,224.4372559,10.51933193,1026.014038
2020-03-18 00:00:00-04:00,212.8151703,10.45184135,1026.073975
2020-03-19 00:00:00-04:00,213.8253174,10.30721188,1026.134033
2020-03-20 00:00:00-04:00,204.5892487,10.1336565,1026.194946
2020-03-23 00:00:00-04:00,198.5953827,10.1818676,1026.380981
2020-03-24 00:00:00-04:00,217.2600098,10.23971844,1026.447021
2020-03-25 00:00:00-04:00,219.7710724,10.44219589,1026.510986
2020-03-26 00:00:00-04:00,233.4905396,10.57718182,1026.579956
2020-03-27 00:00:00-04:00,225.6302338,10.58682442,1026.647949
2020-03-30 00:00:00-04:00,233.2307739,10.59646797,1026.850952
2020-03-31 00:00:00-04:00,229.5170898,10.59453678,1026.918945
2020-04-01 00:00:00-04:00,219.3862305,10.52693462,1026.989014
2020-04-02 00:00:00-04:00,224.4372559,10.49795818,1027.05603
2020-04-03 00:00:00-04:00,221.0699158,10.53659153,1027.124023
2020-04-06 00:00:00-04:00,236.6077118,10.56556225,1027.324951
2020-04-07 00:00:00-04:00,236.2324982,10.58488274,1027.389038
2020-04-08 00:00:00-04:00,244.3429565,10.59453678,1027.453979
2020-04-09 00:00:00-04:00,247.9123383,10.62350941,1027.52002
2020-04-13 00:00:00-04:00,245.4205017,10.64282799,1027.52002
2020-04-14 00:00:00-04:00,252.9537201,10.65248489,1027.843994
2020-04-15 00:00:00-04:00,247.392807,10.65248489,1027.906982
2020-04-16 00:00:00-04:00,248.8263245,10.64282799,1027.968994
2020-04-17 00:00:00-04:00,255.5129089,10.64282799,1028.032959
2020-04-20 00:00:00-04:00,250.9332733,10.63316727,1028.223999
2020-04-21 00:00:00-04:00,243.24617,10.62350941,1028.285034
2020-04-22 00:00:00-04:00,248.835968,10.6138525,1028.344971
2020-04-23 00:00:00-04:00,248.7108917,10.59453678,1028.402954
2020-04-24 00:00:00-04:00,252.1840363,10.58488274,1028.462036
2020-04-27 00:00:00-04:00,255.8976746,10.57522011,1028.639038
2020-04-28 00:00:00-04:00,254.5700226,10.56556225,1028.697021
2020-04-29 00:00:00-04:00,261.3431702,10.55590534,1028.753052
2020-04-30 00:00:00-04:00,258.9379272,10.57138062,1028.753052
2020-05-01 00:00:00-04:00,251.7029877,10.58105183,1028.753052
2020-05-04 00:00:00-04:00,252.7709503,10.59072304,1029.024048
2020-05-05 00:00:00-04:00,255.0511017,10.60040092,1029.073975
2020-05-06 00:00:00-04:00,253.2904053,10.60040092,1029.125
2020-05-07 00:00:00-04:00,256.3017883,10.61006927,1029.177002
2020-05-08 00:00:00-04:00,260.6793213,10.62941265,1029.228027
2020-05-11 00:00:00-04:00,260.7177734,10.62941265,1029.485962
2020-05-12 00:00:00-04:00,255.3974152,10.63908386,1029.541016
2020-05-13 00:00:00-04:00,250.9621582,10.63908386,1029.594971
2020-05-14 00:00:00-04:00,253.915863,10.65843105,1029.647949
2020-05-15 00:00:00-04:00,254.9355774,10.66810131,1029.702026
2020-05-18 00:00:00-04:00,262.9979248,10.67777252,1029.859985
2020-05-19 00:00:00-04:00,260.2655334,10.68744755,1029.910034
2020-05-20 00:00:00-04:00,264.643158,10.70679092,1029.970947
2020-05-21 00:00:00-04:00,262.6035156,10.72613049,1030.020996
2020-05-22 00:00:00-04:00,263.267395,10.7358017,1030.067993
2020-05-26 00:00:00-04:00,266.5096436,10.74547386,1030.265015
2020-05-27 00:00:00-04:00,270.4637756,10.75514698,1030.310059
2020-05-28 00:00:00-04:00,269.9346313,10.75514698,1030.354004
2020-05-29 00:00:00-04:00,271.2719727,10.77064514,1030.396973
2020-06-01 00:00:00-04:00,272.3013916,10.78033161,1030.525024
2020-06-02 00:00:00-04:00,274.5430908,10.78033161,1030.567017
2020-06-03 00:00:00-04:00,278.3241272,10.78033161,1030.60498
2020-06-04 00:00:00-04:00,277.4486389,10.79001808,1030.646973
2020-06-05 00:00:00-04:00,284.7219849,10.79001808,1030.688965
2020-06-08 00:00:00-04:00,288.1567078,10.79001808,1030.813965
2020-06-09 00:00:00-04:00,285.9246521,10.7997036,1030.85498
2020-06-10 00:00:00-04:00,284.4045715,10.80938911,1030.895996
2020-06-11 00:00:00-04:00,267.6737671,10.80938911,1030.937988
2020-06-12 00:00:00-04:00,271.2527161,10.80938911,1030.978027
2020-06-15 00:00:00-04:00,273.5232849,10.80938911,1031.100952
2020-06-16 00:00:00-04:00,278.7089539,10.80938911,1031.140991
2020-06-17 00:00:00-04:00,277.708374,10.80938911,1031.178955
2020-06-18 00:00:00-04:00,277.8719482,10.80938911,1031.217041
2020-06-19 00:00:00-04:00,276.3518372,10.80938911,1031.255981
2020-06-22 00:00:00-04:00,278.1605835,10.80938911,1031.373047
2020-06-23 00:00:00-04:00,279.3535767,10.81907272,1031.410034
2020-06-24 00:00:00-04:00,272.1378784,10.81907272,1031.447021
2020-06-25 00:00:00-04:00,275.1299744,10.80938911,1031.447021
2020-06-26 00:00:00-04:00,268.443512,10.80938911,1031.519043
2020-06-29 00:00:00-04:00,272.4176941,10.81907272,1031.625977
2020-06-30 00:00:00-04:00,276.6335144,10.83362389,1031.661011
2020-07-01 00:00:00-04:00,278.0259094,10.83362389,1031.661011
2020-07-02 00:00:00-04:00,279.350708,10.83362389,1031.709961
2020-07-06 00:00:00-04:00,283.7889099,10.83362389,1031.810059
2020-07-07 00:00:00-04:00,280.7237549,10.83362389,1031.833984
2020-07-08 00:00:00-04:00,282.9187317,10.83362389,1031.857056
2020-07-09 00:00:00-04:00,281.4006042,10.84331894,1031.883057
2020-07-10 00:00:00-04:00,284.3497925,10.84331894,1031.906982
2020-07-13 00:00:00-04:00,281.6907043,10.85301971,1031.980957
2020-07-14 00:00:00-04:00,285.5004578,10.85301971,1032.004028
2020-07-15 00:00:00-04:00,288.101593,10.86271954,1032.024048
2020-07-16 00:00:00-04:00,287.1249084,10.86271954,1032.046997
2020-07-17 00:00:00-04:00,287.9564819,10.87241936,1032.069946
2020-07-20 00:00:00-04:00,290.3835449,10.87241936,1032.139038
2020-07-21 00:00:00-04:00,290.8766479,10.88211918,1032.159058
2020-07-22 00:00:00-04:00,292.549408,10.88211918,1032.180054
2020-07-23 00:00:00-04:00,288.9718323,10.88211918,1032.198975
2020-07-24 00:00:00-04:00,287.1829834,10.88211918,1032.217041
2020-07-27 00:00:00-04:00,289.3102417,10.89181709,1032.270996
2020-07-28 00:00:00-04:00,287.4440002,10.89181709,1032.285034
2020-07-29 00:00:00-04:00,291.0119934,10.89181709,1032.29895
2020-07-30 00:00:00-04:00,289.977417,10.89181709,1032.313965
2020-07-31 00:00:00-04:00,292.2303772,10.91706848,1032.328979
2020-08-03 00:00:00-04:00,294.3383179,10.91706848,1032.375977
2020-08-04 00:00:00-04:00,295.3923035,10.91706848,1032.390991
2020-08-05 00:00:00-04:00,297.2971802,10.92677975,1032.406982
2020-08-06 00:00:00-04:00,299.2407532,10.92677975,1032.421997
2020-08-07 00:00:00-04:00,299.4921875,10.93649292,1032.437988
2020-08-10 00:00:00-04:00,300.3140869,10.93649292,1032.484009
2020-08-11 00:00:00-04:00,297.9256592,10.93649292,1032.499023
2020-08-12 00:00:00-04:00,302.131897,10.92677975,1032.514038
2020-08-13 00:00:00-04:00,301.5904236,10.92677975,1032.527954
2020-08-14 00:00:00-04:00,301.5614014,10.92677975,1032.542969
2020-08-17 00:00:00-04:00,302.3833313,10.91706848,1032.58606
2020-08-18 00:00:00-04:00,303.1278381,10.91706848,1032.599976
2020-08-19 00:00:00-04:00,301.8418579,10.91706848,1032.599976
2020-08-20 00:00:00-04:00,302.8087158,10.91706848,1032.626953
2020-08-21 00:00:00-04:00,303.872406,10.91706848,1032.642944
2020-08-24 00:00:00-04:00,306.9569702,10.91706848,1032.68396
2020-08-25 00:00:00-04:00,308.0592957,10.91706848,1032.696045
2020-08-26 00:00:00-04:00,311.2018738,10.90735435,1032.708008
2020-08-27 00:00:00-04:00,311.7433472,10.90735435,1032.719971
2020-08-28 00:00:00-04:00,313.8803101,10.90735435,1032.732056
2020-08-31 00:00:00-04:00,313.8803101,10.92194557,1032.765015
2020-09-01 00:00:00-04:00,315.5918274,10.92194557,1032.777954
2020-09-02 00:00:00-04:00,320.46521,10.92194557,1032.790039
2020-09-03 00:00:00-04:00,309.2679443,10.92194557,1032.802002
2020-09-04 00:00:00-04:00,306.7539063,10.92194557,1032.813965
2020-09-08 00:00:00-04:00,298.2544861,10.92194557,1032.86499
2020-09-09 00:00:00-04:00,304.2785339,10.92194557,1032.880981
2020-09-10 00:00:00-04:00,298.94104,10.92194557,1032.894043
2020-09-11 00:00:00-04:00,299.1150818,10.92194557,1032.906006
2020-09-14 00:00:00-04:00,303.0214844,10.92194557,1032.946045
2020-09-15 00:00:00-04:00,304.6072693,10.92194557,1032.958984
2020-09-16 00:00:00-04:00,303.2052612,10.92194557,1032.970947
2020-09-17 00:00:00-04:00,300.6621094,10.92194557,1032.984985
2020-09-18 00:00:00-04:00,297.3068542,10.92194557,1032.996948
2020-09-21 00:00:00-04:00,293.874176,10.92194557,1033.03894
2020-09-22 00:00:00-04:00,296.9684448,10.92194557,1033.052979
2020-09-23 00:00:00-04:00,289.9484253,10.92194557,1033.06604
2020-09-24 00:00:00-04:00,290.8283081,10.92194557,1033.081055
2020-09-25 00:00:00-04:00,295.4793091,10.92194557,1033.094971
2020-09-28 00:00:00-04:00,300.2669067,10.92194557,1033.137939
2020-09-29 00:00:00-04:00,298.8587952,10.92194557,1033.152954
2020-09-30 00:00:00-04:00,301.3254089,10.936553,1033.167969
2020-10-01 00:00:00-04:00,302.9568787,10.92681408,1033.167969
2020-10-02 00:00:00-04:00,300.0629272,10.92681408,1033.167969
2020-10-05 00:00:00-04:00,305.4818115,10.92681408,1033.241943
2020-10-06 00:00:00-04:00,301.2185669,10.92681408,1033.256958
2020-10-07 00:00:00-04:00,306.47229,10.9170742,1033.270996
2020-10-08 00:00:00-04:00,309.016571,10.9170742,1033.286011
2020-10-09 00:00:00-04:00,311.7454224,10.9170742,1033.29895
2020-10-12 00:00:00-04:00,316.8631592,10.9170742,1033.342041
2020-10-13 00:00:00-04:00,314.8626709,10.9170742,1033.342041
2020-10-14 00:00:00-04:00,312.8039246,10.9170742,1033.368042
2020-10-15 00:00:00-04:00,312.3377991,10.9170742,1033.380981
2020-10-16 00:00:00-04:00,312.3766174,10.9170742,1033.395996
2020-10-19 00:00:00-04:00,307.2783813,10.9170742,1033.437988
2020-10-20 00:00:00-04:00,308.7349854,10.9170742,1033.45105
2020-10-21 00:00:00-04:00,308.0648804,10.9170742,1033.463989
2020-10-22 00:00:00-04:00,309.7061157,10.9170742,1033.477051
2020-10-23 00:00:00-04:00,310.7742615,10.9170742,1033.48999
2020-10-26 00:00:00-04:00,304.9962463,10.9170742,1033.48999
2020-10-27 00:00:00-04:00,304.0834351,10.9170742,1033.535034
2020-10-28 00:00:00-04:00,293.3526001,10.9170742,1033.545044
2020-10-29 00:00:00-04:00,296.8777161,10.90733719,1033.557983
2020-10-30 00:00:00-04:00,293.3040161,10.92098808,1033.571045
2020-11-02 00:00:00-05:00,296.9262695,10.92098808,1033.613037
2020-11-03 00:00:00-05:00,302.2091064,10.92098808,1033.625977
2020-11-04 00:00:00-05:00,308.8709106,10.93073654,1033.640991
2020-11-05 00:00:00-05:00,314.9403381,10.94049168,1033.654053
2020-11-06 00:00:00-05:00,314.8237915,10.94049168,1033.670044
2020-11-09 00:00:00-05:00,318.6014404,10.93073654,1033.709961
2020-11-10 00:00:00-05:00,318.2130127,10.94049168,1033.723022
2020-11-11 00:00:00-05:00,320.6504517,10.94049168,1033.734985
2020-11-12 00:00:00-05:00,317.5137939,10.94049168,1033.746948
2020-11-13 00:00:00-05:00,321.8644104,10.94049168,1033.759033
2020-11-16 00:00:00-05:00,325.6128235,10.95023918,1033.796021
2020-11-17 00:00:00-05:00,324.0979004,10.95023918,1033.80896
2020-11-18 00:00:00-05:00,320.4076843,10.95023918,1033.821045
2020-11-19 00:00:00-05:00,321.6992493,10.95999146,1033.833008
2020-11-20 00:00:00-05:00,319.5142822,10.95999146,1033.843994
2020-11-23 00:00:00-05:00,321.3497009,10.95999146,1033.876953
2020-11-24 00:00:00-05:00,326.5547791,10.95999146,1033.887939
2020-11-25 00:00:00-05:00,326.0401306,10.95999146,1033.897949
2020-11-27 00:00:00-05:00,326.8558655,10.95999146,1033.918945
2020-11-30 00:00:00-05:00,325.408905,10.97365952,1033.95105
2020-12-01 00:00:00-05:00,329.0797119,10.97365952,1033.962036
2020-12-02 00:00:00-05:00,329.7012024,10.98342228,1033.968018
2020-12-03 00:00:00-05:00,329.5555725,10.98342228,1033.979004
2020-12-04 00:00:00-05:00,332.4883118,10.98342228,1033.98999
2020-12-07 00:00:00-05:00,331.8473206,10.98342228,1034.021973
2020-12-08 00:00:00-05:00,332.7796326,10.99318504,1034.031006
2020-12-09 00:00:00-05:00,330.1479797,10.98342228,1034.041016
2020-12-10 00:00:00-05:00,329.7497559,10.99318504,1034.051025
2020-12-11 00:00:00-05:00,329.3419189,10.99318504,1034.060059
2020-12-14 00:00:00-05:00,327.9629211,10.99318504,1034.090942
2020-12-15 00:00:00-05:00,332.2066956,10.99318504,1034.100952
2020-12-16 00:00:00-05:00,332.7893372,10.99318504,1034.110962
2020-12-17 00:00:00-05:00,334.7218933,10.99318504,1034.121948
2020-12-18 00:00:00-05:00,333.5759583,10.99318504,1034.131958
2020-12-21 00:00:00-05:00,332.2947083,10.99318504,1034.16394
2020-12-22 00:00:00-05:00,331.6317139,10.99318504,1034.175049
2020-12-23 00:00:00-05:00,331.8852539,10.99318504,1034.185059
2020-12-24 00:00:00-05:00,333.0942993,10.99318504,1034.19397
2020-12-28 00:00:00-05:00,335.9999084,10.99318504,1034.234009
2020-12-29 00:00:00-05:00,335.2490845,10.99318504,1034.244995
2020-12-30 00:00:00-05:00,335.7366333,10.99318504,1034.255005
2020-12-31 00:00:00-05:00,337.9207153,11.0058918,1034.265015
2021-01-04 00:00:00-05:00,332.947998,11.0058918,1034.313965
2021-01-05 00:00:00-05:00,335.3563538,11.01566315,1034.324951
2021-01-06 00:00:00-05:00,337.2772217,11.01566315,1034.33606
2021-01-07 00:00:00-05:00,342.3571777,11.01566315,1034.347046
2021-01-08 00:00:00-05:00,344.2780457,11.0058918,1034.358032
2021-01-11 00:00:00-05:00,342.0159302,11.0058918,1034.392944
2021-01-12 00:00:00-05:00,342.1622314,11.0058918,1034.404053
2021-01-13 00:00:00-05:00,342.9519653,11.0058918,1034.415039
2021-01-14 00:00:00-05:00,341.6941528,11.0058918,1034.426025
2021-01-15 00:00:00-05:00,339.2467957,11.0058918,1034.436035
2021-01-19 00:00:00-05:00,342.0159302,11.0058918,1034.479004
2021-01-20 00:00:00-05:00,346.783905,11.01566315,1034.488037
2021-01-21 00:00:00-05:00,346.9203796,11.01566315,1034.498047
2021-01-22 00:00:00-05:00,345.8771362,11.01566315,1034.506958
2021-01-25 00:00:00-05:00,347.1348572,11.01566315,1034.543945
2021-01-26 00:00:00-05:00,346.618103,11.02544117,1034.553955
2021-01-27 00:00:00-05:00,337.7159729,11.02544117,1034.562988
2021-01-28 00:00:00-05:00,341.0506592,11.02544117,1034.567993
2021-01-29 00:00:00-05:00,334.4983521,11.03816223,1034.574951
2021-02-01 00:00:00-05:00,339.9585876,11.03816223,1034.609009
2021-02-02 00:00:00-05:00,344.6875305,11.03816223,1034.619019
2021-02-03 00:00:00-05:00,344.9800415,11.03816223,1034.629028
2021-02-04 00:00:00-05:00,348.753418,11.03816223,1034.637939
2021-02-05 00:00:00-05:00,350.1575317,11.04794788,1034.647949
2021-02-08 00:00:00-05:00,352.7511902,11.04794788,1034.677002
2021-02-09 00:00:00-05:00,352.4196167,11.04794788,1034.685059
2021-02-10 00:00:00-05:00,352.3025818,11.04794788,1034.69397
2021-02-11 00:00:00-05:00,352.9559021,11.04794788,1034.702026
2021-02-12 00:00:00-05:00,354.6329651,11.04794788,1034.702026
2021-02-16 00:00:00-05:00,354.4769592,11.04794788,1034.746948
2021-02-17 00:00:00-05:00,354.4184875,11.03816223,1034.755981
2021-02-18 00:00:00-05:00,352.8681335,11.02837467,1034.764038
2021-02-19 00:00:00-05:00,352.2343445,11.01859093,1034.771973
2021-02-22 00:00:00-05:00,349.5432434,10.99901867,1034.796021
2021-02-23 00:00:00-05:00,349.9820251,10.98923492,1034.803955
2021-02-24 00:00:00-05:00,353.9602051,10.97944832,1034.812012
2021-02-25 00:00:00-05:00,345.3505554,10.96966457,1034.819946
2021-02-26 00:00:00-05:00,343.7417908,10.98337841,1034.828003
2021-03-01 00:00:00-05:00,351.9321594,10.98337841,1034.854004
2021-03-02 00:00:00-05:00,349.0849915,10.98337841,1034.860962
2021-03-03 00:00:00-05:00,344.5509949,10.98337841,1034.869019
2021-03-04 00:00:00-05:00,339.987854,10.99317646,1034.876953
2021-03-05 00:00:00-05:00,346.6278381,11.00297165,1034.88501
2021-03-08 00:00:00-05:00,344.765564,11.00297165,1034.911011
2021-03-09 00:00:00-05:00,349.6797485,11.00297165,1034.918945
2021-03-10 00:00:00-05:00,351.8053589,11.00297165,1034.927002
2021-03-11 00:00:00-05:00,355.4909973,11.01277256,1034.936035
2021-03-12 00:00:00-05:00,355.9395142,11.01277256,1034.94397
2021-03-15 00:00:00-04:00,358.2698975,11.01277256,1034.968994
2021-03-16 00:00:00-04:00,357.7140808,11.01277256,1034.977051
2021-03-17 00:00:00-04:00,358.7476501,11.00297165,1034.984985
2021-03-18 00:00:00-04:00,353.4726868,10.98337841,1034.993042
2021-03-19 00:00:00-04:00,353.2971802,10.98337841,1035.001953
2021-03-22 00:00:00-04:00,355.7738037,10.98337841,1035.026978
2021-03-23 00:00:00-04:00,353.0631714,10.99317646,1035.035034
2021-03-24 00:00:00-04:00,351.1520996,10.99317646,1035.042969
2021-03-25 00:00:00-04:00,353.0131226,10.99317646,1035.052002
2021-03-26 00:00:00-04:00,358.8839417,10.99317646,1035.060059
2021-03-29 00:00:00-04:00,358.5708618,10.99317646,1035.083984
2021-03-30 00:00:00-04:00,357.4749451,10.99317646,1035.093018
2021-03-31 00:00:00-04:00,358.7958984,11.00494671,1035.099976
2021-04-01 00:00:00-04:00,363.042511,11.00494671,1035.108032
2021-04-05 00:00:00-04:00,368.3262024,11.00494671,1035.108032
2021-04-06 00:00:00-04:00,367.9837646,11.0147562,1035.108032
2021-04-07 00:00:00-04:00,368.5317383,11.0147562,1035.154053
2021-04-08 00:00:00-04:00,370.1755371,11.0147562,1035.161011
2021-04-09 00:00:00-04:00,373.0424805,11.02456474,1035.167969
2021-04-12 00:00:00-04:00,372.9739685,11.02456474,1035.189941
2021-04-13 00:00:00-04:00,374.1970215,11.02456474,1035.197021
2021-04-14 00:00:00-04:00,372.7097778,11.03437233,1035.204956
2021-04-15 00:00:00-04:00,376.85849,11.04417992,1035.212036
2021-04-16 00:00:00-04:00,378.2185669,11.04417992,1035.218994
2021-04-19 00:00:00-04:00,376.2127075,11.04417992,1035.241943
2021-04-20 00:00:00-04:00,373.658905,11.04417992,1035.248047
2021-04-21 00:00:00-04:00,377.1422424,11.04417992,1035.255005
2021-04-22 00:00:00-04:00,373.6980286,11.03437233,1035.261963
2021-04-23 00:00:00-04:00,377.7880249,11.04417992,1035.269043
2021-04-26 00:00:00-04:00,378.4631653,11.04417992,1035.291992
2021-04-27 00:00:00-04:00,378.3848877,11.03437233,1035.297974
2021-04-28 00:00:00-04:00,378.0620117,11.03437233,1035.305054
2021-04-29 00:00:00-04:00,380.6451416,11.02456474,1035.312012
2021-04-30 00:00:00-04:00,377.9348145,11.03634739,1035.31897
2021-05-03 00:00:00-04:00,378.9719849,11.03634739,1035.342041
2021-05-04 00:00:00-04:00,376.4377747,11.03634739,1035.348022
2021-05-05 00:00:00-04:00,376.7117004,11.03634739,1035.354004
2021-05-06 00:00:00-04:00,379.842804,11.03634739,1035.359985
2021-05-07 00:00:00-04:00,382.7097473,11.03634739,1035.36499
2021-05-10 00:00:00-04:00,378.7175903,11.03634739,1035.383057
2021-05-11 00:00:00-04:00,375.4397278,11.03634739,1035.389038
2021-05-12 00:00:00-04:00,367.435791,11.03634739,1035.394043
2021-05-13 00:00:00-04:00,371.9759216,11.02652931,1035.399048
2021-05-14 00:00:00-04:00,377.5531616,11.02652931,1035.404053
2021-05-17 00:00:00-04:00,376.5943604,11.02652931,1035.418945
2021-05-18 00:00:00-04:00,373.4338074,11.02652931,1035.42395
2021-05-19 00:00:00-04:00,372.3868713,11.03634739,1035.42395
2021-05-20 00:00:00-04:00,376.3497009,11.02652931,1035.435059
2021-05-21 00:00:00-04:00,376.0659485,11.02652931,1035.438965
2021-05-24 00:00:00-04:00,379.8330688,11.02652931,1035.453979
2021-05-25 00:00:00-04:00,379.0307007,11.03634739,1035.458008
2021-05-26 00:00:00-04:00,379.7449646,11.03634739,1035.463013
2021-05-27 00:00:00-04:00,380.2244263,11.03634739,1035.465942
2021-05-28 00:00:00-04:00,380.5570984,11.04814339,1035.470947
2021-06-01 00:00:00-04:00,380.3809814,11.04814339,1035.490967
2021-06-02 00:00:00-04:00,380.9778748,11.04814339,1035.496948
2021-06-03 00:00:00-04:00,379.6569519,11.04814339,1035.503052
2021-06-04 00:00:00-04:00,383.0131226,11.04814339,1035.506958
2021-06-07 00:00:00-04:00,382.7097473,11.04814339,1035.526001
2021-06-08 00:00:00-04:00,382.7880249,11.05797291,1035.531006
2021-06-09 00:00:00-04:00,382.1031189,11.06780052,1035.536987
2021-06-10 00:00:00-04:00,383.9035339,11.06780052,1035.542969
2021-06-11 00:00:00-04:00,384.6568909,11.06780052,1035.54895
2021-06-14 00:00:00-04:00,385.4494934,11.06780052,1035.54895
2021-06-15 00:00:00-04:00,384.6862793,11.06780052,1035.572998
2021-06-16 00:00:00-04:00,382.611908,11.06780052,1035.577026
2021-06-17 00:00:00-04:00,382.4651489,11.04814339,1035.583008
2021-06-18 00:00:00-04:00,377.4553833,11.04814339,1035.587036
2021-06-21 00:00:00-04:00,382.7586975,11.04814339,1035.599976
2021-06-22 00:00:00-04:00,384.7253723,11.03831291,1035.604004
2021-06-23 00:00:00-04:00,384.304657,11.03831291,1035.609009
2021-06-24 00:00:00-04:00,386.574707,11.03831291,1035.612061
2021-06-25 00:00:00-04:00,387.8663025,11.03831291,1035.615967
2021-06-28 00:00:00-04:00,388.7626953,11.03831291,1035.615967
2021-06-29 00:00:00-04:00,388.9099731,11.03831291,1035.630981
2021-06-30 00:00:00-04:00,389.4302979,11.05012131,1035.63501
2021-07-01 00:00:00-04:00,391.4920349,11.05012131,1035.63501
2021-07-02 00:00:00-04:00,394.476593,11.05012131,1035.646973
2021-07-06 00:00:00-04:00,393.7010498,11.05996132,1035.666992
2021-07-07 00:00:00-04:00,395.016571,11.05996132,1035.671997
2021-07-08 00:00:00-04:00,391.7177734,11.06980133,1035.676025
2021-07-09 00:00:00-04:00,396.1358032,11.06980133,1035.68103
2021-07-12 00:00:00-04:00,397.5004578,11.06980133,1035.697021
2021-07-13 00:00:00-04:00,396.1063538,11.06980133,1035.70105
2021-07-14 00:00:00-04:00,396.6168823,11.06980133,1035.704956
2021-07-15 00:00:00-04:00,395.3307495,11.06980133,1035.708984
2021-07-16 00:00:00-04:00,392.3461304,11.06980133,1035.714966
2021-07-19 00:00:00-04:00,386.1314697,11.06980133,1035.729004
2021-07-20 00:00:00-04:00,391.9927063,11.06980133,1035.733032
2021-07-21 00:00:00-04:00,395.2227478,11.07964039,1035.738037
2021-07-22 00:00:00-04:00,396.0474243,11.06980133,1035.743042
2021-07-23 00:00:00-04:00,400.0825195,11.07964039,1035.746948
2021-07-26 00:00:00-04:00,401.0348816,11.07964039,1035.761963
2021-07-27 00:00:00-04:00,399.1498108,11.07964039,1035.766968
2021-07-28 00:00:00-04:00,399.0713196,11.07964039,1035.770996
2021-07-29 00:00:00-04:00,400.7991943,11.07964039,1035.776001
2021-07-30 00:00:00-04:00,398.6687622,11.09047699,1035.780029
2021-08-02 00:00:00-04:00,397.9324646,11.09047699,1035.793945
2021-08-03 00:00:00-04:00,401.191925,11.09047699,1035.79895
2021-08-04 00:00:00-04:00,399.3363647,11.09047699,1035.802979
2021-08-05 00:00:00-04:00,401.7613831,11.09047699,1035.807007
2021-08-06 00:00:00-04:00,402.4878235,11.08062649,1035.811035
2021-08-09 00:00:00-04:00,402.1344299,11.08062649,1035.824951
2021-08-10 00:00:00-04:00,402.5369568,11.08062649,1035.828979
2021-08-11 00:00:00-04:00,403.5482178,11.08062649,1035.833984
2021-08-12 00:00:00-04:00,404.8441162,11.08062649,1035.838013
2021-08-13 00:00:00-04:00,405.5117493,11.08062649,1035.842041
2021-08-16 00:00:00-04:00,406.5818787,11.08062649,1035.855957
2021-08-17 00:00:00-04:00,403.7347412,11.08062649,1035.859985
2021-08-18 00:00:00-04:00,399.4738464,11.08062649,1035.864014
2021-08-19 00:00:00-04:00,400.0039978,11.07077503,1035.868042
2021-08-20 00:00:00-04:00,403.2732849,11.07077503,1035.871948
2021-08-23 00:00:00-04:00,406.7487488,11.07077503,1035.88501
2021-08-24 00:00:00-04:00,407.3574829,11.07077503,1035.890015
2021-08-25 00:00:00-04:00,408.2705383,11.07077503,1035.894043
2021-08-26 00:00:00-04:00,405.9044189,11.07077503,1035.897949
2021-08-27 00:00:00-04:00,409.4878845,11.07077503,1035.901001
2021-08-30 00:00:00-04:00,411.2846069,11.07077503,1035.921021
2021-08-31 00:00:00-04:00,410.7740479,11.08063316,1035.925049
2021-09-01 00:00:00-04:00,410.9311218,11.08063316,1035.928955
2021-09-02 00:00:00-04:00,412.1583252,11.07077694,1035.932983
2021-09-03 00:00:00-04:00,412.0307007,11.07077694,1035.937012
2021-09-07 00:00:00-04:00,410.6464233,11.07077694,1035.953979
2021-09-08 00:00:00-04:00,410.116272,11.07077694,1035.957031
2021-09-09 00:00:00-04:00,408.2606812,11.07077694,1035.96106
2021-09-10 00:00:00-04:00,405.1288452,11.07077694,1035.964966
2021-09-13 00:00:00-04:00,406.0516968,11.07077694,1035.977051
2021-09-14 00:00:00-04:00,403.8132935,11.07077694,1035.983032
2021-09-15 00:00:00-04:00,407.2494507,11.07077694,1035.988037
2021-09-16 00:00:00-04:00,406.6309509,11.07077694,1035.991943
2021-09-17 00:00:00-04:00,402.9296875,11.07077694,1035.995972
2021-09-20 00:00:00-04:00,396.0867004,11.07077694,1036.01001
2021-09-21 00:00:00-04:00,395.7823486,11.07077694,1036.015015
2021-09-22 00:00:00-04:00,399.5523682,11.07077694,1036.015015
2021-09-23 00:00:00-04:00,404.4121399,11.0609169,1036.024048
2021-09-24 00:00:00-04:00,405.0110474,11.0609169,1036.027954
2021-09-27 00:00:00-04:00,403.8918152,11.05105877,1036.043945
2021-09-28 00:00:00-04:00,395.664917,11.04120255,1036.047974
2021-09-29 00:00:00-04:00,396.3247986,11.04120255,1036.052979
2021-09-30 00:00:00-04:00,391.6268311,11.04218769,1036.057983
2021-10-01 00:00:00-04:00,396.1278381,11.04218769,1036.057983
2021-10-04 00:00:00-04:00,391.0063477,11.05205536,1036.081055
2021-10-05 00:00:00-04:00,395.1626282,11.04218769,1036.08606
2021-10-06 00:00:00-04:00,396.7877197,11.04218769,1036.090942
2021-10-07 00:00:00-04:00,400.1757507,11.04218769,1036.094971
2021-10-08 00:00:00-04:00,399.4173889,11.04218769,1036.100952
2021-10-11 00:00:00-04:00,396.6695251,11.04218769,1036.11499
2021-10-12 00:00:00-04:00,395.7141724,11.04218769,1036.119019
2021-10-13 00:00:00-04:00,396.9157104,11.04218769,1036.119019
2021-10-14 00:00:00-04:00,403.7312927,11.04218769,1036.119019
2021-10-15 00:00:00-04:00,406.7450562,11.04218769,1036.130981
2021-10-18 00:00:00-04:00,408.1141052,11.04218769,1036.144043
2021-10-19 00:00:00-04:00,411.1377258,11.04218769,1036.146973
2021-10-20 00:00:00-04:00,412.6446533,11.04218769,1036.151001
2021-10-21 00:00:00-04:00,413.9151917,11.03232098,1036.155029
2021-10-22 00:00:00-04:00,413.4719543,11.03232098,1036.159058
2021-10-25 00:00:00-04:00,415.4417725,11.02245235,1036.171021
2021-10-26 00:00:00-04:00,416.1903076,11.02245235,1036.175049
2021-10-27 00:00:00-04:00,414.1022644,11.02245235,1036.178955
2021-10-28 00:00:00-04:00,418.1896362,11.02245235,1036.182983
2021-10-29 00:00:00-04:00,419.056366,11.03233051,1036.186035
2021-11-01 00:00:00-04:00,419.8048706,11.03233051,1036.197998
2021-11-02 00:00:00-04:00,421.3511963,11.03233051,1036.202026
2021-11-03 00:00:00-04:00,424.0793457,11.03233051,1036.206055
2021-11-04 00:00:00-04:00,425.9014587,11.03233051,1036.208984
2021-11-05 00:00:00-04:00,427.536377,11.04220676,1036.213013
2021-11-08 00:00:00-05:00,427.9204712,11.04220676,1036.223999
2021-11-09 00:00:00-05:00,426.4529419,11.04220676,1036.227051
2021-11-10 00:00:00-05:00,423.0353699,11.04220676,1036.22998
2021-11-11 00:00:00-05:00,423.2717285,11.04220676,1036.234009
2021-11-12 00:00:00-05:00,426.3642883,11.04220676,1036.237061
2021-11-15 00:00:00-05:00,426.3840332,11.04220676,1036.248047
2021-11-16 00:00:00-05:00,428.0484924,11.03233051,1036.250977
2021-11-17 00:00:00-05:00,427.0242004,11.03233051,1036.254028
2021-11-18 00:00:00-05:00,428.5015564,11.03233051,1036.256958
2021-11-19 00:00:00-05:00,427.910614,11.03233051,1036.260986
2021-11-22 00:00:00-05:00,426.5809937,11.03233051,1036.271973
2021-11-23 00:00:00-05:00,427.2999878,11.03233051,1036.275024
2021-11-24 00:00:00-05:00,428.2947388,11.03233051,1036.277954
2021-11-26 00:00:00-05:00,418.5737,11.03233051,1036.285034
2021-11-29 00:00:00-05:00,424.1187134,11.03233051,1036.30603
2021-11-30 00:00:00-05:00,416.1311951,11.05209923,1036.312012
2021-12-01 00:00:00-05:00,411.2460327,11.05209923,1036.31897
2021-12-02 00:00:00-05:00,417.1554565,11.05209923,1036.324951
2021-12-03 00:00:00-05:00,413.649231,11.05209923,1036.332031
2021-12-06 00:00:00-05:00,418.5048218,11.05209923,1036.355957
2021-12-07 00:00:00-05:00,427.171936,11.04221535,1036.364014
2021-12-08 00:00:00-05:00,428.5113831,11.04221535,1036.370972
2021-12-09 00:00:00-05:00,425.4779053,11.04221535,1036.380005
2021-12-10 00:00:00-05:00,429.5554199,11.04221535,1036.387939
2021-12-13 00:00:00-05:00,425.6355286,11.04221535,1036.412964
2021-12-14 00:00:00-05:00,422.5133667,11.04221535,1036.421021
2021-12-15 00:00:00-05:00,429.4372253,11.04221535,1036.427979
2021-12-16 00:00:00-05:00,425.6945801,11.04221535,1036.436035
2021-12-17 00:00:00-05:00,421.3413086,11.04221535,1036.44397
2021-12-20 00:00:00-05:00,416.5226746,11.04221535,1036.469971
2021-12-21 00:00:00-05:00,423.9558105,11.04221535,1036.47998
2021-12-22 00:00:00-05:00,428.3247375,11.04221535,1036.489014
2021-12-23 00:00:00-05:00,430.9935303,11.04221535,1036.498047
2021-12-27 00:00:00-05:00,436.9638062,11.04221535,1036.506958
2021-12-28 00:00:00-05:00,436.5288391,11.04221535,1036.546021
2021-12-29 00:00:00-05:00,437.1416931,11.04221535,1036.557007
2021-12-30 00:00:00-05:00,435.8764648,11.04221535,1036.56604
2021-12-31 00:00:00-05:00,434.7496033,11.05210876,1036.594971
2022-01-03 00:00:00-05:00,437.5173035,11.05210876,1036.61499
2022-01-04 00:00:00-05:00,437.2702332,11.05210876,1036.619019
2022-01-05 00:00:00-05:00,428.8288269,11.0422163,1036.625
2022-01-06 00:00:00-05:00,428.4433594,11.03232002,1036.631958
2022-01-07 00:00:00-05:00,426.7827454,11.02242661,1036.636963
2022-01-10 00:00:00-05:00,426.1698914,11.01253319,1036.656006
2022-01-11 00:00:00-05:00,430.0742798,11.01253319,1036.661011
2022-01-12 00:00:00-05:00,431.2900696,11.00263691,1036.667969
2022-01-13 00:00:00-05:00,425.1913757,11.00263691,1036.675049
2022-01-14 00:00:00-05:00,425.5471497,11.00263691,1036.68103
2022-01-18 00:00:00-05:00,417.7285461,10.99274445,1036.708008
2022-01-19 00:00:00-05:00,413.685791,10.98284817,1036.713013
2022-01-20 00:00:00-05:00,409.1488037,10.98284817,1036.718994
2022-01-21 00:00:00-05:00,401.4191284,10.9729538,1036.725952
2022-01-24 00:00:00-05:00,402.5262146,10.96305943,1036.754028
2022-01-25 00:00:00-05:00,397.6333618,10.9531641,1036.760986
2022-01-26 00:00:00-05:00,397.0402832,10.94327068,1036.767944
2022-01-27 00:00:00-05:00,394.9250488,10.92348194,1036.775024
2022-01-28 00:00:00-05:00,404.592041,10.89379883,1036.781982
2022-01-31 00:00:00-05:00,412.2327576,10.90271091,1036.80603
2022-02-01 00:00:00-05:00,415.0696106,10.91261387,1036.80603
2022-02-02 00:00:00-05:00,418.9838867,10.91261387,1036.80603
2022-02-03 00:00:00-05:00,408.7830811,10.92251492,1036.80603
2022-02-04 00:00:00-05:00,410.9577026,10.92251492,1036.834961
2022-02-07 00:00:00-05:00,409.4354553,10.92251492,1036.859009
2022-02-08 00:00:00-05:00,412.8851318,10.91261387,1036.865967
2022-02-09 00:00:00-05:00,418.9245605,10.91261387,1036.875
2022-02-10 00:00:00-05:00,411.3926086,10.88290596,1036.883057
2022-02-11 00:00:00-05:00,403.6036072,10.87300205,1036.890991
2022-02-14 00:00:00-05:00,402.0912781,10.8630991,1036.916016
2022-02-15 00:00:00-05:00,408.4667664,10.85319805,1036.925049
2022-02-16 00:00:00-05:00,408.8918152,10.8432951,1036.932983
2022-02-17 00:00:00-05:00,400.272583,10.85319805,1036.94104
2022-02-18 00:00:00-05:00,397.4653015,10.85319805,1036.949951
2022-02-22 00:00:00-05:00,393.4423523,10.85319805,1036.984985
2022-02-23 00:00:00-05:00,386.196991,10.85319805,1036.993042
2022-02-24 00:00:00-05:00,392.0090942,10.8630991,1037.001953
2022-02-25 00:00:00-05:00,400.8260803,10.8630991,1037.008057
2022-02-28 00:00:00-05:00,399.8870239,10.87499523,1037.034058
2022-03-01 00:00:00-05:00,393.7092285,10.88490868,1037.041016
2022-03-02 00:00:00-05:00,401.0632935,10.88490868,1037.047974
2022-03-03 00:00:00-05:00,398.9974365,10.87499523,1037.057007
2022-03-04 00:00:00-05:00,395.8640442,10.87499523,1037.064941
2022-03-07 00:00:00-05:00,384.1805725,10.86508274,1037.093994
2022-03-08 00:00:00-05:00,381.4030151,10.8551693,1037.102051
2022-03-09 00:00:00-05:00,391.2677612,10.8452549,1037.109985
2022-03-10 00:00:00-05:00,389.6269531,10.82542896,1037.119019
2022-03-11 00:00:00-05:00,384.5957336,10.81551456,1037.128052
2022-03-14 00:00:00-04:00,381.8182068,10.79568863,1037.155029
2022-03-15 00:00:00-04:00,390.0025635,10.77586365,1037.16394
2022-03-16 00:00:00-04:00,398.7404175,10.77586365,1037.171997
2022-03-17 00:00:00-04:00,403.6826782,10.78577518,1037.18103
2022-03-18 00:00:00-04:00,408.3976135,10.78577518,1037.196045
2022-03-21 00:00:00-04:00,408.2394409,10.77586365,1037.225952
2022-03-22 00:00:00-04:00,412.8554688,10.7560358,1037.237061
2022-03-23 00:00:00-04:00,407.789856,10.74612331,1037.248047
2022-03-24 00:00:00-04:00,413.6706848,10.72629356,1037.259033
2022-03-25 00:00:00-04:00,415.7730713,10.70646954,1037.270996
2022-03-28 00:00:00-04:00,418.7383118,10.69655514,1037.30603
2022-03-29 00:00:00-04:00,423.8753357,10.69655514,1037.317993
2022-03-30 00:00:00-04:00,421.2473145,10.69655514,1037.328979
2022-03-31 00:00:00-04:00,414.6921387,10.71739483,1037.340942
2022-04-01 00:00:00-04:00,416.1003418,10.71739483,1037.354004
2022-04-04 00:00:00-04:00,419.472168,10.71739483,1037.394043
2022-04-05 00:00:00-04:00,414.2657166,10.71739483,1037.394043
2022-04-06 00:00:00-04:00,410.2492676,10.68762493,1037.421021
2022-04-07 00:00:00-04:00,412.044281,10.67770004,1037.432983
2022-04-08 00:00:00-04:00,410.9533997,10.67770004,1037.444946
2022-04-11 00:00:00-04:00,404.0213623,10.65785408,1037.484985
2022-04-12 00:00:00-04:00,402.6528015,10.64792919,1037.504028
2022-04-13 00:00:00-04:00,407.2246094,10.64792919,1037.517944
2022-04-14 00:00:00-04:00,402.2759705,10.64792919,1037.531006
2022-04-18 00:00:00-04:00,402.1966248,10.63800716,1037.531006
2022-04-19 00:00:00-04:00,408.6625366,10.60823441,1037.60498
2022-04-20 00:00:00-04:00,408.4146423,10.60823441,1037.619019
2022-04-21 00:00:00-04:00,402.4247437,10.59831333,1037.634033
2022-04-22 00:00:00-04:00,391.2580872,10.59831333,1037.650024
2022-04-25 00:00:00-04:00,393.4993896,10.59831333,1037.696045
2022-04-26 00:00:00-04:00,382.4219971,10.59831333,1037.708984
2022-04-27 00:00:00-04:00,383.2252808,10.59831333,1037.723999
2022-04-28 00:00:00-04:00,392.7357178,10.58838844,1037.739014
2022-04-29 00:00:00-04:00,378.514679,10.60031033,1037.753052
2022-05-02 00:00:00-04:00,380.6567383,10.60031033,1037.753052
2022-05-03 00:00:00-04:00,382.5013428,10.59037495,1037.813965
2022-05-04 00:00:00-04:00,393.9258118,10.59037495,1037.828979
2022-05-05 00:00:00-04:00,379.9229126,10.58044052,1037.843018
2022-05-06 00:00:00-04:00,377.8303833,10.57050705,1037.859009
2022-05-09 00:00:00-04:00,365.7514038,10.57050705,1037.859009
2022-05-10 00:00:00-04:00,366.6538391,10.57050705,1037.921021
2022-05-11 00:00:00-04:00,360.6242981,10.57050705,1037.936035
2022-05-12 00:00:00-04:00,360.2870789,10.56057072,1037.952026
2022-05-13 00:00:00-04:00,368.9248657,10.56057072,1037.968018
2022-05-16 00:00:00-04:00,367.486908,10.56057072,1038.017944
2022-05-17 00:00:00-04:00,374.9246826,10.55063629,1038.035034
2022-05-18 00:00:00-04:00,359.8606567,10.55063629,1038.052002
2022-05-19 00:00:00-04:00,357.7979431,10.56057072,1038.06897
2022-05-20 00:00:00-04:00,357.8574219,10.57050705,1038.08606
2022-05-23 00:00:00-04:00,364.5415344,10.58044052,1038.135986
2022-05-24 00:00:00-04:00,361.5862427,10.6102457,1038.152954
2022-05-25 00:00:00-04:00,365.0076294,10.64004898,1038.160034
2022-05-26 00:00:00-04:00,372.2768555,10.66985321,1038.177979
2022-05-27 00:00:00-04:00,381.5592346,10.68972206,1038.194946
2022-05-31 00:00:00-04:00,379.1890259,10.7016573,1038.275024
2022-06-01 00:00:00-04:00,376.3924255,10.71160412,1038.292969
2022-06-02 00:00:00-04:00,383.3938599,10.71160412,1038.311035
2022-06-03 00:00:00-04:00,377.1560364,10.72154903,1038.311035
2022-06-06 00:00:00-04:00,378.3361511,10.72154903,1038.386963
2022-06-07 00:00:00-04:00,381.9559021,10.72154903,1038.406006
2022-06-08 00:00:00-04:00,377.840332,10.72154903,1038.425049
2022-06-09 00:00:00-04:00,368.8851929,10.71160412,1038.444946
2022-06-10 00:00:00-04:00,358.1549072,10.7016573,1038.464966
2022-06-13 00:00:00-04:00,344.2809448,10.63203621,1038.525024
2022-06-14 00:00:00-04:00,343.1007996,10.61214542,1038.545044
2022-06-15 00:00:00-04:00,348.118866,10.61214542,1038.563965
2022-06-16 00:00:00-04:00,336.8332214,10.60219955,1038.583008
2022-06-17 00:00:00-04:00,337.5769958,10.61214542,1038.603027
2022-06-21 00:00:00-04:00,345.8577881,10.61214542,1038.697021
2022-06-22 00:00:00-04:00,345.411499,10.62209225,1038.719971
2022-06-23 00:00:00-04:00,348.7238159,10.64198303,1038.743042
2022-06-24 00:00:00-04:00,359.3846741,10.64198303,1038.766968
2022-06-27 00:00:00-04:00,358.3235168,10.64198303,1038.839966
2022-06-28 00:00:00-04:00,351.078125,10.64198303,1038.864014
2022-06-29 00:00:00-04:00,350.8690491,10.6519289,1038.885986
2022-06-30 00:00:00-04:00,347.8522034,10.67582989,1038.911987
2022-07-01 00:00:00-04:00,351.5261841,10.68578815,1038.911987
2022-07-05 00:00:00-04:00,352.1434937,10.69574738,1039.034058
2022-07-06 00:00:00-04:00,353.4079895,10.71566486,1039.064941
2022-07-07 00:00:00-04:00,358.7446899,10.72562408,1039.090942
2022-07-08 00:00:00-04:00,358.4758606,10.72562408,1039.119995
2022-07-11 00:00:00-04:00,354.3439026,10.72562408,1039.208008
2022-07-12 00:00:00-04:00,351.078125,10.7355814,1039.237061
2022-07-13 00:00:00-04:00,349.5149841,10.7355814,1039.265015
2022-07-14 00:00:00-04:00,348.5093384,10.7355814,1039.295044
2022-07-15 00:00:00-04:00,355.2001648,10.74554062,1039.324951
2022-07-18 00:00:00-04:00,352.2330933,10.74554062,1039.41394
2022-07-19 00:00:00-04:00,361.9805603,10.74554062,1039.44397
2022-07-20 00:00:00-04:00,364.1212158,10.74554062,1039.474976
2022-07-21 00:00:00-04:00,367.7454224,10.74554062,1039.505005
2022-07-22 00:00:00-04:00,364.3103943,10.75550079,1039.534058
2022-07-25 00:00:00-04:00,364.7883301,10.75550079,1039.626953
2022-07-26 00:00:00-04:00,360.5766907,10.76546001,1039.659058
2022-07-27 00:00:00-04:00,370.0155029,10.76546001,1039.688965
2022-07-28 00:00:00-04:00,374.5556946,10.7853775,1039.720947
2022-07-29 00:00:00-04:00,379.912323,10.79833889,1039.755981
2022-08-01 00:00:00-04:00,378.8469849,10.80830956,1039.86499
2022-08-02 00:00:00-04:00,376.3179932,10.81828022,1039.901978
2022-08-03 00:00:00-04:00,382.2123108,10.80830956,1039.938965
2022-08-04 00:00:00-04:00,381.9434509,10.80830956,1039.975952
2022-08-05 00:00:00-04:00,381.375946,10.79833889,1040.019043
2022-08-08 00:00:00-04:00,380.9079895,10.79833889,1040.140991
2022-08-09 00:00:00-04:00,379.3149414,10.78836727,1040.203979
2022-08-10 00:00:00-04:00,387.3996582,10.79833889,1040.251953
2022-08-11 00:00:00-04:00,387.2403564,10.78836727,1040.297974
2022-08-12 00:00:00-04:00,393.9909058,10.78836727,1040.343018
2022-08-15 00:00:00-04:00,395.5640564,10.78836727,1040.484985
2022-08-16 00:00:00-04:00,396.3306885,10.7684269,1040.534058
2022-08-17 00:00:00-04:00,393.5328979,10.7385149,1040.582031
2022-08-18 00:00:00-04:00,394.4887085,10.72854328,1040.630981
2022-08-19 00:00:00-04:00,389.4108582,10.70860195,1040.68103
2022-08-22 00:00:00-04:00,381.1170654,10.69863129,1040.822998
2022-08-23 00:00:00-04:00,380.2608337,10.69863129,1040.875
2022-08-24 00:00:00-04:00,381.375946,10.68865967,1040.926025
2022-08-25 00:00:00-04:00,386.7624512,10.68865967,1040.926025
2022-08-26 00:00:00-04:00,373.7392578,10.68865967,1041.029053
2022-08-29 00:00:00-04:00,371.27005,10.66871834,1041.186035
2022-08-30 00:00:00-04:00,367.1977844,10.66871834,1041.239014
2022-08-31 00:00:00-04:00,364.4099731,10.68369484,1041.296021
2022-09-01 00:00:00-04:00,365.5649414,10.67370987,1041.348022
2022-09-02 00:00:00-04:00,361.6619568,10.67370987,1041.401978
2022-09-06 00:00:00-04:00,360.1983337,10.66372585,1041.625
2022-09-07 00:00:00-04:00,366.819458,10.66372585,1041.68103
2022-09-08 00:00:00-04:00,369.2886658,10.66372585,1041.741943
2022-09-09 00:00:00-04:00,374.953949,10.66372585,1041.802002
2022-09-12 00:00:00-04:00,378.9266052,10.67370987,1041.802002
2022-09-13 00:00:00-04:00,362.5480957,10.65374088,1042.041016
2022-09-14 00:00:00-04:00,363.8822632,10.64375591,1042.100952
2022-09-15 00:00:00-04:00,359.8000793,10.63377094,1042.160034
2022-09-16 00:00:00-04:00,357.2113647,10.62378693,1042.223022
2022-09-19 00:00:00-04:00,359.6706543,10.61380196,1042.405029
2022-09-20 00:00:00-04:00,355.6183472,10.59383202,1042.465942
2022-09-21 00:00:00-04:00,349.5547791,10.583848,1042.527954
2022-09-22 00:00:00-04:00,346.6176147,10.57386303,1042.590942
2022-09-23 00:00:00-04:00,340.6536255,10.54390907,1042.667969
2022-09-26 00:00:00-04:00,337.1289978,10.51395416,1042.875
2022-09-27 00:00:00-04:00,336.4299927,10.49398518,1042.948975
2022-09-28 00:00:00-04:00,343.0700073,10.48400021,1043.022949
2022-09-29 00:00:00-04:00,335.8699951,10.48400021,1043.098999
2022-09-30 00:00:00-04:00,330.8299866,10.51000023,1043.18396
2022-10-03 00:00:00-04:00,339.3999939,10.51000023,1043.42395
2022-10-04 00:00:00-04:00,349.7999878,10.52999973,1043.42395
2022-10-05 00:00:00-04:00,349.1300049,10.52999973,1043.581055
2022-10-06 00:00:00-04:00,345.6400146,10.52999973,1043.661987
2022-10-07 00:00:00-04:00,335.9700012,10.52999973,1043.755981
2022-10-10 00:00:00-04:00,333.4500122,10.52999973,1044.004028
2022-10-11 00:00:00-04:00,331.2799988,10.53999996,1044.088013
2022-10-12 00:00:00-04:00,330.2000122,10.55000019,1044.168945
2022-10-13 00:00:00-04:00,338.8200073,10.53999996,1044.255981
2022-10-14 00:00:00-04:00,330.8200073,10.53999996,1044.344971
2022-10-17 00:00:00-04:00,339.5799866,10.53999996,1044.595947
2022-10-18 00:00:00-04:00,343.4599915,10.53999996,1044.68103
2022-10-19 00:00:00-04:00,341.1700134,10.52999973,1044.766968
2022-10-20 00:00:00-04:00,338.4899902,10.52000046,1044.850952
