Date,^GSPC,TFI,Money_mkt
2019-01-02 00:00:00-05:00,2510.030029,44.7351265,0.1
2019-01-03 00:00:00-05:00,2447.889893,44.82796478,0.1
2019-01-04 00:00:00-05:00,2531.939941,44.68871307,0.1
2019-01-07 00:00:00-05:00,2549.689941,44.69800186,0.1
2019-01-08 00:00:00-05:00,2574.409912,44.67943192,0.1
2019-01-09 00:00:00-05:00,2584.959961,44.6423111,0.1
2019-01-10 00:00:00-05:00,2596.639893,44.65158463,0.1
2019-01-11 00:00:00-05:00,2596.26001,44.74443054,0.1
2019-01-14 00:00:00-05:00,2582.610107,44.74443054,0.1
2019-01-15 00:00:00-05:00,2610.300049,44.7815361,0.1
2019-01-16 00:00:00-05:00,2616.100098,44.77226257,0.1
2019-01-17 00:00:00-05:00,2635.959961,44.7815361,0.1
2019-01-18 00:00:00-05:00,2670.709961,44.80939865,0.1
2019-01-22 00:00:00-05:00,2632.899902,44.80010605,0.1
2019-01-23 00:00:00-05:00,2638.699951,44.80010605,0.1
2019-01-24 00:00:00-05:00,2642.330078,44.77226257,0.1
2019-01-25 00:00:00-05:00,2664.76001,44.70728302,0.1
2019-01-28 00:00:00-05:00,2643.850098,44.7351265,0.1
2019-01-29 00:00:00-05:00,2640,44.84653473,0.1
2019-01-30 00:00:00-05:00,2681.050049,44.82796478,0.1
2019-01-31 00:00:00-05:00,2704.100098,44.96720886,0.1
2019-02-01 00:00:00-05:00,2706.530029,44.89373016,0.65
2019-02-04 00:00:00-05:00,2724.870117,44.91234589,0.65
2019-02-05 00:00:00-05:00,2737.699951,44.94023132,0.65
2019-02-06 00:00:00-05:00,2731.610107,44.97743988,0.65
2019-02-07 00:00:00-05:00,2706.050049,45.07044983,0.65
2019-02-08 00:00:00-05:00,2707.879883,45.14484024,0.65
2019-02-11 00:00:00-05:00,2709.800049,45.07975388,0.65
2019-02-12 00:00:00-05:00,2744.72998,45.09836578,0.65
2019-02-13 00:00:00-05:00,2753.030029,45.07975388,0.65
2019-02-14 00:00:00-05:00,2745.72998,45.13554382,0.65
2019-02-15 00:00:00-05:00,2775.600098,45.09836578,0.65
2019-02-19 00:00:00-05:00,2779.76001,45.15415192,0.65
2019-02-20 00:00:00-05:00,2784.699951,45.19136429,0.65
2019-02-21 00:00:00-05:00,2774.879883,45.12624741,0.65
2019-02-22 00:00:00-05:00,2792.669922,45.20994568,0.65
2019-02-25 00:00:00-05:00,2796.110107,45.22855377,0.65
2019-02-26 00:00:00-05:00,2793.899902,45.302948,0.65
2019-02-27 00:00:00-05:00,2792.379883,45.23786163,0.65
2019-02-28 00:00:00-05:00,2784.48999,45.16344452,0.65
2019-03-01 00:00:00-05:00,2803.689941,45.21564102,0.65
2019-03-04 00:00:00-05:00,2792.810059,45.19699097,0.65
2019-03-05 00:00:00-05:00,2789.649902,45.21564102,0.65
2019-03-06 00:00:00-05:00,2771.449951,45.28087234,0.65
2019-03-07 00:00:00-05:00,2748.929932,45.35541534,0.65
2019-03-08 00:00:00-05:00,2743.070068,45.39268875,0.65
2019-03-11 00:00:00-04:00,2783.300049,45.42066193,0.65
2019-03-12 00:00:00-04:00,2791.52002,45.44861221,0.65
2019-03-13 00:00:00-04:00,2810.919922,45.46725845,0.65
2019-03-14 00:00:00-04:00,2808.47998,45.44861221,0.65
2019-03-15 00:00:00-04:00,2822.47998,45.55111313,0.65
2019-03-18 00:00:00-04:00,2832.939941,45.51385498,0.65
2019-03-19 00:00:00-04:00,2832.570068,45.50453186,0.65
2019-03-20 00:00:00-04:00,2824.22998,45.61636353,0.65
2019-03-21 00:00:00-04:00,2854.879883,45.64430237,0.65
2019-03-22 00:00:00-04:00,2800.709961,45.78409576,0.65
2019-03-25 00:00:00-04:00,2798.360107,45.88660431,0.65
2019-03-26 00:00:00-04:00,2818.459961,45.93319702,0.65
2019-03-27 00:00:00-04:00,2805.370117,46.00775146,0.65
2019-03-28 00:00:00-04:00,2815.439941,45.97978973,0.65
2019-03-29 00:00:00-04:00,2834.399902,45.9238739,0.65
2019-04-01 00:00:00-04:00,2867.189941,45.84732056,1.25
2019-04-02 00:00:00-04:00,2867.23999,45.84732056,1.25
2019-04-03 00:00:00-04:00,2873.399902,45.7913208,1.25
2019-04-04 00:00:00-04:00,2879.389893,45.78197479,1.25
2019-04-05 00:00:00-04:00,2892.73999,45.83799744,1.25
2019-04-08 00:00:00-04:00,2895.77002,45.78197479,1.25
2019-04-09 00:00:00-04:00,2878.199951,45.86600113,1.25
2019-04-10 00:00:00-04:00,2888.209961,45.83799744,1.25
2019-04-11 00:00:00-04:00,2888.320068,45.83799744,1.25
2019-04-12 00:00:00-04:00,2907.409912,45.78197479,1.25
2019-04-15 00:00:00-04:00,2905.580078,45.86600113,1.25
2019-04-16 00:00:00-04:00,2907.060059,45.7913208,1.25
2019-04-17 00:00:00-04:00,2900.449951,45.78197479,1.25
2019-04-18 00:00:00-04:00,2905.030029,45.7913208,1.25
2019-04-22 00:00:00-04:00,2907.969971,45.82863998,1.25
2019-04-23 00:00:00-04:00,2933.679932,45.87533569,1.25
2019-04-24 00:00:00-04:00,2927.25,46.05272293,1.25
2019-04-25 00:00:00-04:00,2926.169922,46.07136917,1.25
2019-04-26 00:00:00-04:00,2939.879883,46.09940338,1.25
2019-04-29 00:00:00-04:00,2943.030029,46.09940338,1.25
2019-04-30 00:00:00-04:00,2945.830078,46.18341064,1.25
2019-05-01 00:00:00-04:00,2923.72998,46.20306396,1.97
2019-05-02 00:00:00-04:00,2917.52002,46.21239853,1.97
2019-05-03 00:00:00-04:00,2945.639893,46.24980545,1.97
2019-05-06 00:00:00-04:00,2932.469971,46.333992,1.97
2019-05-07 00:00:00-04:00,2884.050049,46.3901062,1.97
2019-05-08 00:00:00-04:00,2879.419922,46.37139893,1.97
2019-05-09 00:00:00-04:00,2870.719971,46.44623566,1.97
2019-05-10 00:00:00-04:00,2881.399902,46.42751694,1.97
2019-05-13 00:00:00-04:00,2811.870117,46.57716751,1.97
2019-05-14 00:00:00-04:00,2834.409912,46.52105331,1.97
2019-05-15 00:00:00-04:00,2850.959961,46.62392426,1.97
2019-05-16 00:00:00-04:00,2876.320068,46.63327408,1.97
2019-05-17 00:00:00-04:00,2859.530029,46.60522461,1.97
2019-05-20 00:00:00-04:00,2840.22998,46.57716751,1.97
2019-05-21 00:00:00-04:00,2864.360107,46.55844879,1.97
2019-05-22 00:00:00-04:00,2856.27002,46.59587479,1.97
2019-05-23 00:00:00-04:00,2822.23999,46.66132355,1.97
2019-05-24 00:00:00-04:00,2826.060059,46.67069626,1.97
2019-05-28 00:00:00-04:00,2802.389893,46.72681046,1.97
2019-05-29 00:00:00-04:00,2783.02002,46.69875717,1.97
2019-05-30 00:00:00-04:00,2788.860107,46.81098175,1.97
2019-05-31 00:00:00-04:00,2752.060059,46.90449524,1.97
2019-06-03 00:00:00-04:00,2744.449951,46.92137146,2.97
2019-06-04 00:00:00-04:00,2803.27002,46.94011688,2.97
2019-06-05 00:00:00-04:00,2826.149902,46.91199875,2.97
2019-06-06 00:00:00-04:00,2843.48999,46.94011688,2.97
2019-06-07 00:00:00-04:00,2873.340088,47.01507187,2.97
2019-06-10 00:00:00-04:00,2886.72998,46.97759247,2.97
2019-06-11 00:00:00-04:00,2885.719971,46.90263748,2.97
2019-06-12 00:00:00-04:00,2879.840088,46.93073654,2.97
2019-06-13 00:00:00-04:00,2891.639893,46.87453461,2.97
2019-06-14 00:00:00-04:00,2886.97998,46.86515808,2.97
2019-06-17 00:00:00-04:00,2889.669922,46.8932724,2.97
2019-06-18 00:00:00-04:00,2917.75,46.87453461,2.97
2019-06-19 00:00:00-04:00,2926.459961,46.94011688,2.97
2019-06-20 00:00:00-04:00,2954.179932,46.99633789,2.97
2019-06-21 00:00:00-04:00,2950.459961,46.92137146,2.97
2019-06-24 00:00:00-04:00,2945.350098,46.94949341,2.97
2019-06-25 00:00:00-04:00,2917.379883,46.9588623,2.97
2019-06-26 00:00:00-04:00,2913.780029,46.9588623,2.97
2019-06-27 00:00:00-04:00,2924.919922,47.01507187,2.97
2019-06-28 00:00:00-04:00,2941.76001,46.97759247,2.97
2019-07-01 00:00:00-04:00,2964.330078,47.01607513,1.75
2019-07-02 00:00:00-04:00,2973.01001,47.03485107,1.75
2019-07-03 00:00:00-04:00,2995.820068,47.07239151,1.75
2019-07-05 00:00:00-04:00,2990.409912,47.00667953,1.75
2019-07-08 00:00:00-04:00,2975.949951,47.10993958,1.75
2019-07-09 00:00:00-04:00,2979.629883,47.13810349,1.75
2019-07-10 00:00:00-04:00,2993.070068,47.13810349,1.75
2019-07-11 00:00:00-04:00,2999.909912,47.14748383,1.75
2019-07-12 00:00:00-04:00,3013.77002,47.19441986,1.75
2019-07-15 00:00:00-04:00,3014.300049,47.18502426,1.75
2019-07-16 00:00:00-04:00,3004.040039,47.20381927,1.75
2019-07-17 00:00:00-04:00,2984.419922,47.28826904,1.75
2019-07-18 00:00:00-04:00,2995.110107,47.32582474,1.75
2019-07-19 00:00:00-04:00,2976.610107,47.30704117,1.75
2019-07-22 00:00:00-04:00,2985.030029,47.2976799,1.75
2019-07-23 00:00:00-04:00,3005.469971,47.28826904,1.75
2019-07-24 00:00:00-04:00,3019.560059,47.34459686,1.75
2019-07-25 00:00:00-04:00,3003.669922,47.33519745,1.75
2019-07-26 00:00:00-04:00,3025.860107,47.33519745,1.75
2019-07-29 00:00:00-04:00,3020.969971,47.42907715,1.75
2019-07-30 00:00:00-04:00,3013.179932,47.4572258,1.75
2019-07-31 00:00:00-04:00,2980.379883,47.47599792,1.75
2019-08-01 00:00:00-04:00,2953.560059,47.55028152,1.31
2019-08-02 00:00:00-04:00,2932.050049,47.66313171,1.31
2019-08-05 00:00:00-04:00,2844.73999,47.75715637,1.31
2019-08-06 00:00:00-04:00,2881.77002,47.8793869,1.31
2019-08-07 00:00:00-04:00,2883.97998,47.96400833,1.31
2019-08-08 00:00:00-04:00,2938.090088,48.09565353,1.31
2019-08-09 00:00:00-04:00,2918.649902,47.98281479,1.31
2019-08-12 00:00:00-04:00,2882.699951,48.15207672,1.31
2019-08-13 00:00:00-04:00,2926.320068,48.09565353,1.31
2019-08-14 00:00:00-04:00,2840.600098,48.20848846,1.31
2019-08-15 00:00:00-04:00,2847.600098,48.32133102,1.31
2019-08-16 00:00:00-04:00,2888.679932,48.22729874,1.31
2019-08-19 00:00:00-04:00,2923.649902,48.16148758,1.31
2019-08-20 00:00:00-04:00,2900.51001,48.28371048,1.31
2019-08-21 00:00:00-04:00,2924.429932,48.17087936,1.31
2019-08-22 00:00:00-04:00,2922.949951,48.21789551,1.31
2019-08-23 00:00:00-04:00,2847.110107,48.29312897,1.31
2019-08-26 00:00:00-04:00,2878.379883,48.21789551,1.31
2019-08-27 00:00:00-04:00,2869.159912,48.29312897,1.31
2019-08-28 00:00:00-04:00,2887.939941,48.31191254,1.31
2019-08-29 00:00:00-04:00,2924.580078,48.30252075,1.31
2019-08-30 00:00:00-04:00,2926.459961,48.23669815,1.31
2019-09-03 00:00:00-04:00,2906.27002,48.23575592,3.04
2019-09-04 00:00:00-04:00,2937.780029,48.33937073,3.04
2019-09-05 00:00:00-04:00,2976,48.11329269,3.04
2019-09-06 00:00:00-04:00,2978.709961,48.075634,3.04
2019-09-09 00:00:00-04:00,2978.429932,48.02854156,3.04
2019-09-10 00:00:00-04:00,2979.389893,47.86841202,3.04
2019-09-11 00:00:00-04:00,3000.929932,47.78363419,3.04
2019-09-12 00:00:00-04:00,3009.570068,47.72711563,3.04
2019-09-13 00:00:00-04:00,3007.389893,47.49163437,3.04
2019-09-16 00:00:00-04:00,2997.959961,47.44455338,3.04
2019-09-17 00:00:00-04:00,3005.699951,47.38803101,3.04
2019-09-18 00:00:00-04:00,3006.72998,47.51047134,3.04
2019-09-19 00:00:00-04:00,3006.790039,47.60466385,3.04
2019-09-20 00:00:00-04:00,2992.070068,47.71770477,3.04
2019-09-23 00:00:00-04:00,2991.780029,47.72711563,3.04
2019-09-24 00:00:00-04:00,2966.600098,47.8589859,3.04
2019-09-25 00:00:00-04:00,2984.870117,47.71770477,3.04
2019-09-26 00:00:00-04:00,2977.620117,47.78363419,3.04
2019-09-27 00:00:00-04:00,2961.790039,47.75536728,3.04
2019-09-30 00:00:00-04:00,2976.73999,47.74597168,3.04
2019-10-01 00:00:00-04:00,2940.25,47.8327713,2.37
2019-10-02 00:00:00-04:00,2887.610107,47.84221649,2.37
2019-10-03 00:00:00-04:00,2910.629883,47.98375702,2.37
2019-10-04 00:00:00-04:00,2952.01001,48.03095245,2.37
2019-10-07 00:00:00-04:00,2938.790039,48.00262451,2.37
2019-10-08 00:00:00-04:00,2893.060059,48.13474274,2.37
2019-10-09 00:00:00-04:00,2919.399902,48.17248154,2.37
2019-10-10 00:00:00-04:00,2938.129883,48.14417648,2.37
2019-10-11 00:00:00-04:00,2970.27002,47.98375702,2.37
2019-10-14 00:00:00-04:00,2966.149902,48.05924225,2.37
2019-10-15 00:00:00-04:00,2995.679932,47.87996292,2.37
2019-10-16 00:00:00-04:00,2989.689941,47.86108017,2.37
2019-10-17 00:00:00-04:00,2997.949951,47.79501724,2.37
2019-10-18 00:00:00-04:00,2986.199951,47.81389999,2.37
2019-10-21 00:00:00-04:00,3006.719971,47.68179703,2.37
2019-10-22 00:00:00-04:00,2995.98999,47.70066833,2.37
2019-10-23 00:00:00-04:00,3004.52002,47.72897339,2.37
2019-10-24 00:00:00-04:00,3010.290039,47.66292572,2.37
2019-10-25 00:00:00-04:00,3022.550049,47.61573792,2.37
2019-10-28 00:00:00-04:00,3039.419922,47.62517166,2.37
2019-10-29 00:00:00-04:00,3036.889893,47.67234039,2.37
2019-10-30 00:00:00-04:00,3046.77002,47.77616501,2.37
2019-10-31 00:00:00-04:00,3037.560059,47.86108017,2.37
2019-11-01 00:00:00-04:00,3066.909912,47.86014938,2.22
2019-11-04 00:00:00-05:00,3078.27002,47.72778702,2.22
2019-11-05 00:00:00-05:00,3074.620117,47.67107773,2.22
2019-11-06 00:00:00-05:00,3076.780029,47.67107773,2.22
2019-11-07 00:00:00-05:00,3085.179932,47.53874588,2.22
2019-11-08 00:00:00-05:00,3093.080078,47.45365143,2.22
2019-11-11 00:00:00-05:00,3087.01001,47.48201752,2.22
2019-11-12 00:00:00-05:00,3091.840088,47.50093842,2.22
2019-11-13 00:00:00-05:00,3094.040039,47.60491562,2.22
2019-11-14 00:00:00-05:00,3096.629883,47.62382126,2.22
2019-11-15 00:00:00-05:00,3120.459961,47.64271927,2.22
2019-11-18 00:00:00-05:00,3122.030029,47.69944,2.22
2019-11-19 00:00:00-05:00,3120.179932,47.71834183,2.22
2019-11-20 00:00:00-05:00,3108.459961,47.83178329,2.22
2019-11-21 00:00:00-05:00,3103.540039,47.79397964,2.22
2019-11-22 00:00:00-05:00,3110.290039,47.81287766,2.22
2019-11-25 00:00:00-05:00,3133.639893,47.81287766,2.22
2019-11-26 00:00:00-05:00,3140.52002,47.89794922,2.22
2019-11-27 00:00:00-05:00,3153.629883,47.87903214,2.22
2019-11-29 00:00:00-05:00,3140.97998,47.85067749,2.22
2019-12-02 00:00:00-05:00,3113.870117,47.77588272,4.56
2019-12-03 00:00:00-05:00,3093.199951,47.94632721,4.56
2019-12-04 00:00:00-05:00,3112.76001,47.92739487,4.56
2019-12-05 00:00:00-05:00,3117.429932,47.95581055,4.56
2019-12-06 00:00:00-05:00,3145.909912,47.91792297,4.56
2019-12-09 00:00:00-05:00,3135.959961,47.91792297,4.56
2019-12-10 00:00:00-05:00,3132.52002,47.99369049,4.56
2019-12-11 00:00:00-05:00,3141.629883,48.04103088,4.56
2019-12-12 00:00:00-05:00,3168.570068,47.95581055,4.56
2019-12-13 00:00:00-05:00,3168.800049,48.09785843,4.56
2019-12-16 00:00:00-05:00,3191.449951,47.98421478,4.56
2019-12-17 00:00:00-05:00,3192.52002,48.06944656,4.56
2019-12-18 00:00:00-05:00,3191.139893,48.06944656,4.56
2019-12-19 00:00:00-05:00,3205.370117,48.05051422,4.56
2019-12-20 00:00:00-05:00,3221.219971,48.00117493,4.56
2019-12-23 00:00:00-05:00,3224.01001,48.01066971,4.56
2019-12-24 00:00:00-05:00,3223.379883,48.09603119,4.56
2019-12-26 00:00:00-05:00,3239.909912,48.05810165,4.56
2019-12-27 00:00:00-05:00,3240.02002,48.09603119,4.56
2019-12-30 00:00:00-05:00,3221.290039,48.06757736,4.56
2019-12-31 00:00:00-05:00,3230.780029,47.98219681,4.56
2020-01-02 00:00:00-05:00,3257.850098,48.07707977,2.06
2020-01-03 00:00:00-05:00,3234.850098,48.25730896,2.06
2020-01-06 00:00:00-05:00,3246.280029,48.33320999,2.06
2020-01-07 00:00:00-05:00,3237.179932,48.3426857,2.06
2020-01-08 00:00:00-05:00,3253.050049,48.39959717,2.06
2020-01-09 00:00:00-05:00,3274.699951,48.43754196,2.06
2020-01-10 00:00:00-05:00,3265.350098,48.40908432,2.06
2020-01-13 00:00:00-05:00,3288.129883,48.41856384,2.06
2020-01-14 00:00:00-05:00,3283.149902,48.51343536,2.06
2020-01-15 00:00:00-05:00,3289.290039,48.57034683,2.06
2020-01-16 00:00:00-05:00,3316.810059,48.61779022,2.06
2020-01-17 00:00:00-05:00,3329.620117,48.60830688,2.06
2020-01-21 00:00:00-05:00,3320.790039,48.71265793,2.06
2020-01-22 00:00:00-05:00,3321.75,48.67470551,2.06
2020-01-23 00:00:00-05:00,3325.540039,48.79803848,2.06
2020-01-24 00:00:00-05:00,3295.469971,48.75058746,2.06
2020-01-27 00:00:00-05:00,3243.629883,48.94033051,2.06
2020-01-28 00:00:00-05:00,3276.23999,48.91188049,2.06
2020-01-29 00:00:00-05:00,3273.399902,48.92135239,2.06
2020-01-30 00:00:00-05:00,3283.659912,48.98776245,2.06
2020-01-31 00:00:00-05:00,3225.52002,49.01622009,2.06
2020-02-03 00:00:00-05:00,3248.919922,48.97536469,1.4
2020-02-04 00:00:00-05:00,3297.590088,48.94685745,1.4
2020-02-05 00:00:00-05:00,3334.689941,48.80431366,1.4
2020-02-06 00:00:00-05:00,3345.780029,48.82331848,1.4
2020-02-07 00:00:00-05:00,3327.709961,48.86133194,1.4
2020-02-10 00:00:00-05:00,3352.090088,48.96585846,1.4
2020-02-11 00:00:00-05:00,3357.75,48.89933777,1.4
2020-02-12 00:00:00-05:00,3379.449951,48.95635986,1.4
2020-02-13 00:00:00-05:00,3373.939941,48.94685745,1.4
2020-02-14 00:00:00-05:00,3380.159912,48.9373436,1.4
2020-02-18 00:00:00-05:00,3370.290039,49.00386047,1.4
2020-02-19 00:00:00-05:00,3386.149902,49.04187775,1.4
2020-02-20 00:00:00-05:00,3373.22998,49.0798912,1.4
2020-02-21 00:00:00-05:00,3337.75,49.26042938,1.4
2020-02-24 00:00:00-05:00,3225.889893,49.46947861,1.4
2020-02-25 00:00:00-05:00,3128.209961,49.53599167,1.4
2020-02-26 00:00:00-05:00,3116.389893,49.49799728,1.4
2020-02-27 00:00:00-05:00,2978.76001,49.54549789,1.4
2020-02-28 00:00:00-05:00,2954.219971,49.33644104,1.4
2020-03-02 00:00:00-05:00,3090.22998,49.46115494,1.85
2020-03-03 00:00:00-05:00,3003.370117,49.57537842,1.85
2020-03-04 00:00:00-05:00,3130.120117,49.51826477,1.85
2020-03-05 00:00:00-05:00,3023.939941,49.5372963,1.85
2020-03-06 00:00:00-05:00,2972.370117,49.77528381,1.85
2020-03-09 00:00:00-04:00,2746.560059,49.90854645,1.85
2020-03-10 00:00:00-04:00,2882.22998,49.36596298,1.85
2020-03-11 00:00:00-04:00,2741.379883,48.62345505,1.85
2020-03-12 00:00:00-04:00,2480.639893,46.94812012,1.85
2020-03-13 00:00:00-04:00,2711.02002,47.3859787,1.85
2020-03-16 00:00:00-04:00,2386.129883,46.35792542,1.85
2020-03-17 00:00:00-04:00,2529.189941,46.03427887,1.85
2020-03-18 00:00:00-04:00,2398.100098,45.03477859,1.85
2020-03-19 00:00:00-04:00,2409.389893,42.17905807,1.85
2020-03-20 00:00:00-04:00,2304.919922,42.76923752,1.85
2020-03-23 00:00:00-04:00,2237.399902,43.27374649,1.85
2020-03-24 00:00:00-04:00,2447.330078,44.49218369,1.85
2020-03-25 00:00:00-04:00,2475.560059,46.5292778,1.85
2020-03-26 00:00:00-04:00,2630.070068,47.96665192,1.85
2020-03-27 00:00:00-04:00,2541.469971,48.05233002,1.85
2020-03-30 00:00:00-04:00,2626.649902,48.14752579,1.85
2020-03-31 00:00:00-04:00,2584.590088,47.59540939,1.85
2020-04-01 00:00:00-04:00,2470.5,46.37872696,0.75
2020-04-02 00:00:00-04:00,2526.899902,46.33104324,0.75
2020-04-03 00:00:00-04:00,2488.649902,46.74107742,0.75
2020-04-06 00:00:00-04:00,2663.679932,47.36084366,0.75
2020-04-07 00:00:00-04:00,2659.409912,47.99968719,0.75
2020-04-08 00:00:00-04:00,2749.97998,48.17132187,0.75
2020-04-09 00:00:00-04:00,2789.820068,48.4955368,0.75
2020-04-13 00:00:00-04:00,2761.629883,48.47644806,0.75
2020-04-14 00:00:00-04:00,2846.060059,48.40016174,0.75
2020-04-15 00:00:00-04:00,2783.360107,48.4955368,0.75
2020-04-16 00:00:00-04:00,2799.550049,48.63854218,0.75
2020-04-17 00:00:00-04:00,2874.560059,48.55273056,0.75
2020-04-20 00:00:00-04:00,2823.159912,48.32389069,0.75
2020-04-21 00:00:00-04:00,2736.560059,48.09505463,0.75
2020-04-22 00:00:00-04:00,2799.310059,47.98061752,0.75
2020-04-23 00:00:00-04:00,2797.800049,47.94247437,0.75
2020-04-24 00:00:00-04:00,2836.73999,47.90434265,0.75
2020-04-27 00:00:00-04:00,2878.47998,47.85667419,0.75
2020-04-28 00:00:00-04:00,2863.389893,47.46573257,0.75
2020-04-29 00:00:00-04:00,2939.51001,47.36084366,0.75
2020-04-30 00:00:00-04:00,2912.429932,47.3703804,0.75
2020-05-01 00:00:00-04:00,2830.709961,47.59676743,0.31
2020-05-04 00:00:00-04:00,2842.73999,47.91197968,0.31
2020-05-05 00:00:00-04:00,2868.439941,47.9788208,0.31
2020-05-06 00:00:00-04:00,2848.419922,47.94062805,0.31
2020-05-07 00:00:00-04:00,2881.189941,48.11255646,0.31
2020-05-08 00:00:00-04:00,2929.800049,48.2653923,0.31
2020-05-11 00:00:00-04:00,2930.189941,48.3322525,0.31
2020-05-12 00:00:00-04:00,2870.120117,48.43730927,0.31
2020-05-13 00:00:00-04:00,2820,48.59969711,0.31
2020-05-14 00:00:00-04:00,2852.5,48.66656113,0.31
2020-05-15 00:00:00-04:00,2863.699951,48.72386932,0.31
2020-05-18 00:00:00-04:00,2953.909912,48.80983734,0.31
2020-05-19 00:00:00-04:00,2922.939941,48.91490555,0.31
2020-05-20 00:00:00-04:00,2971.610107,49.04864502,0.31
2020-05-21 00:00:00-04:00,2948.51001,49.16326523,0.31
2020-05-22 00:00:00-04:00,2955.449951,49.31608582,0.31
2020-05-26 00:00:00-04:00,2991.77002,49.30653381,0.31
2020-05-27 00:00:00-04:00,3036.129883,49.42115784,0.31
2020-05-28 00:00:00-04:00,3029.72998,49.40205765,0.31
2020-05-29 00:00:00-04:00,3044.310059,49.48802567,0.31
2020-06-01 00:00:00-04:00,3055.72998,49.49183655,0.18
2020-06-02 00:00:00-04:00,3080.820068,49.48228455,0.18
2020-06-03 00:00:00-04:00,3122.870117,49.36746979,0.18
2020-06-04 00:00:00-04:00,3112.350098,49.36746979,0.18
2020-06-05 00:00:00-04:00,3193.929932,49.29094696,0.18
2020-06-08 00:00:00-04:00,3232.389893,49.30050659,0.18
2020-06-09 00:00:00-04:00,3207.179932,49.46315002,0.18
2020-06-10 00:00:00-04:00,3190.139893,49.45357132,0.18
2020-06-11 00:00:00-04:00,3002.100098,49.53012466,0.18
2020-06-12 00:00:00-04:00,3041.310059,49.49183655,0.18
2020-06-15 00:00:00-04:00,3066.590088,49.48228455,0.18
2020-06-16 00:00:00-04:00,3124.73999,49.43444824,0.18
2020-06-17 00:00:00-04:00,3113.48999,49.43444824,0.18
2020-06-18 00:00:00-04:00,3115.340088,49.39617538,0.18
2020-06-19 00:00:00-04:00,3097.73999,49.40574646,0.18
2020-06-22 00:00:00-04:00,3117.860107,49.49183655,0.18
2020-06-23 00:00:00-04:00,3131.290039,49.45357132,0.18
2020-06-24 00:00:00-04:00,3050.330078,49.3770256,0.18
2020-06-25 00:00:00-04:00,3083.76001,49.40574646,0.18
2020-06-26 00:00:00-04:00,3009.050049,49.45357132,0.18
2020-06-29 00:00:00-04:00,3053.23999,49.39617538,0.18
2020-06-30 00:00:00-04:00,3100.290039,49.42488098,0.18
2020-07-01 00:00:00-04:00,3115.860107,49.44882965,0.06
2020-07-02 00:00:00-04:00,3130.01001,49.53507996,0.06
2020-07-06 00:00:00-04:00,3179.719971,49.4679985,0.06
2020-07-07 00:00:00-04:00,3145.320068,49.57341385,0.06
2020-07-08 00:00:00-04:00,3169.939941,49.55424118,0.06
2020-07-09 00:00:00-04:00,3152.050049,49.62134171,0.06
2020-07-10 00:00:00-04:00,3185.040039,49.64050293,0.06
2020-07-13 00:00:00-04:00,3155.219971,49.71715546,0.06
2020-07-14 00:00:00-04:00,3197.52002,49.8225708,0.06
2020-07-15 00:00:00-04:00,3226.560059,49.86090469,0.06
2020-07-16 00:00:00-04:00,3215.570068,49.95673752,0.06
2020-07-17 00:00:00-04:00,3224.72998,49.99507141,0.06
2020-07-20 00:00:00-04:00,3251.840088,50.0525589,0.06
2020-07-21 00:00:00-04:00,3257.300049,50.06214523,0.06
2020-07-22 00:00:00-04:00,3276.02002,50.00466156,0.06
2020-07-23 00:00:00-04:00,3235.659912,50.14839554,0.06
2020-07-24 00:00:00-04:00,3215.629883,50.07172394,0.06
2020-07-27 00:00:00-04:00,3239.409912,50.0525589,0.06
2020-07-28 00:00:00-04:00,3218.439941,50.1292305,0.06
2020-07-29 00:00:00-04:00,3258.439941,50.15797806,0.06
2020-07-30 00:00:00-04:00,3246.219971,50.2633934,0.06
2020-07-31 00:00:00-04:00,3271.120117,50.31131744,0.06
2020-08-03 00:00:00-04:00,3294.610107,50.25564194,0.28
2020-08-04 00:00:00-04:00,3306.51001,50.37082672,0.28
2020-08-05 00:00:00-04:00,3327.77002,50.44758987,0.28
2020-08-06 00:00:00-04:00,3349.159912,50.52438736,0.28
2020-08-07 00:00:00-04:00,3351.280029,50.4955864,0.28
2020-08-10 00:00:00-04:00,3360.469971,50.54358673,0.28
2020-08-11 00:00:00-04:00,3333.689941,50.58198547,0.28
2020-08-12 00:00:00-04:00,3380.350098,50.47639465,0.28
2020-08-13 00:00:00-04:00,3373.429932,50.42840958,0.28
2020-08-14 00:00:00-04:00,3372.850098,50.39001465,0.28
2020-08-17 00:00:00-04:00,3381.98999,50.39001465,0.28
2020-08-18 00:00:00-04:00,3389.780029,50.32282639,0.28
2020-08-19 00:00:00-04:00,3374.850098,50.25564194,0.28
2020-08-20 00:00:00-04:00,3385.51001,50.15966797,0.28
2020-08-21 00:00:00-04:00,3397.159912,50.10208511,0.28
2020-08-24 00:00:00-04:00,3431.280029,50.14046097,0.28
2020-08-25 00:00:00-04:00,3443.620117,50.06367874,0.28
2020-08-26 00:00:00-04:00,3478.72998,50.01568222,0.28
2020-08-27 00:00:00-04:00,3484.550049,49.83332443,0.28
2020-08-28 00:00:00-04:00,3508.01001,49.90050888,0.28
2020-08-31 00:00:00-04:00,3500.310059,49.90050888,0.28
2020-09-01 00:00:00-04:00,3526.649902,49.94954681,0.1
2020-09-02 00:00:00-04:00,3580.840088,49.93992996,0.1
2020-09-03 00:00:00-04:00,3455.060059,49.95915604,0.1
2020-09-04 00:00:00-04:00,3426.959961,49.90147018,0.1
2020-09-08 00:00:00-04:00,3331.840088,49.93030548,0.1
2020-09-09 00:00:00-04:00,3398.959961,49.94954681,0.1
2020-09-10 00:00:00-04:00,3339.189941,49.90147018,0.1
2020-09-11 00:00:00-04:00,3340.969971,49.92070007,0.1
2020-09-14 00:00:00-04:00,3383.540039,49.91107941,0.1
2020-09-15 00:00:00-04:00,3401.199951,49.93992996,0.1
2020-09-16 00:00:00-04:00,3385.48999,49.99760056,0.1
2020-09-17 00:00:00-04:00,3357.01001,49.9879837,0.1
2020-09-18 00:00:00-04:00,3319.469971,49.94954681,0.1
2020-09-21 00:00:00-04:00,3281.060059,49.99760056,0.1
2020-09-22 00:00:00-04:00,3315.570068,50.00721741,0.1
2020-09-23 00:00:00-04:00,3236.919922,49.99760056,0.1
2020-09-24 00:00:00-04:00,3246.590088,49.99760056,0.1
2020-09-25 00:00:00-04:00,3298.459961,49.97839355,0.1
2020-09-28 00:00:00-04:00,3351.600098,50.00721741,0.1
2020-09-29 00:00:00-04:00,3335.469971,49.9879837,0.1
2020-09-30 00:00:00-04:00,3363,49.92070007,0.1
2020-10-01 00:00:00-04:00,3380.800049,49.90433502,0.32
2020-10-02 00:00:00-04:00,3348.419922,49.87544632,0.32
2020-10-05 00:00:00-04:00,3408.600098,49.82729721,0.32
2020-10-06 00:00:00-04:00,3360.969971,49.77916718,0.32
2020-10-07 00:00:00-04:00,3419.439941,49.67324829,0.32
2020-10-08 00:00:00-04:00,3446.830078,49.67324829,0.32
2020-10-09 00:00:00-04:00,3477.139893,49.68287659,0.32
2020-10-12 00:00:00-04:00,3534.219971,49.74065781,0.32
2020-10-13 00:00:00-04:00,3511.929932,49.68287659,0.32
2020-10-14 00:00:00-04:00,3488.669922,49.69249725,0.32
2020-10-15 00:00:00-04:00,3483.340088,49.71177292,0.32
2020-10-16 00:00:00-04:00,3483.810059,49.79842377,0.32
2020-10-19 00:00:00-04:00,3426.919922,49.81768799,0.32
2020-10-20 00:00:00-04:00,3443.120117,49.77916718,0.32
2020-10-21 00:00:00-04:00,3435.560059,49.72140121,0.32
2020-10-22 00:00:00-04:00,3453.48999,49.71177292,0.32
2020-10-23 00:00:00-04:00,3465.389893,49.76953506,0.32
2020-10-26 00:00:00-04:00,3400.969971,49.77916718,0.32
2020-10-27 00:00:00-04:00,3390.679932,49.76953506,0.32
2020-10-28 00:00:00-04:00,3271.030029,49.73102951,0.32
2020-10-29 00:00:00-04:00,3310.110107,49.75991058,0.32
2020-10-30 00:00:00-04:00,3269.959961,49.70214462,0.32
2020-11-02 00:00:00-05:00,3310.23999,49.76963425,0.04
2020-11-03 00:00:00-05:00,3369.159912,49.80821991,0.04
2020-11-04 00:00:00-05:00,3443.439941,50.03000641,0.04
2020-11-05 00:00:00-05:00,3510.449951,50.08786774,0.04
2020-11-06 00:00:00-05:00,3509.439941,50.11680603,0.04
2020-11-09 00:00:00-05:00,3550.5,50.06856918,0.04
2020-11-10 00:00:00-05:00,3545.530029,50.078228,0.04
2020-11-11 00:00:00-05:00,3572.659912,50.08786774,0.04
2020-11-12 00:00:00-05:00,3537.01001,50.12643051,0.04
2020-11-13 00:00:00-05:00,3585.149902,50.15537262,0.04
2020-11-16 00:00:00-05:00,3626.909912,50.16500854,0.04
2020-11-17 00:00:00-05:00,3609.530029,50.28073883,0.04
2020-11-18 00:00:00-05:00,3567.790039,50.32896042,0.04
2020-11-19 00:00:00-05:00,3581.870117,50.46397018,0.04
2020-11-20 00:00:00-05:00,3557.540039,50.50254059,0.04
2020-11-23 00:00:00-05:00,3577.590088,50.50254059,0.04
2020-11-24 00:00:00-05:00,3635.409912,50.46397018,0.04
2020-11-25 00:00:00-05:00,3629.649902,50.52182388,0.04
2020-11-27 00:00:00-05:00,3638.350098,50.56038666,0.04
2020-11-30 00:00:00-05:00,3621.629883,50.57004547,0.04
2020-12-01 00:00:00-05:00,3662.449951,50.55169296,0.04
2020-12-02 00:00:00-05:00,3669.01001,50.52271271,0.04
2020-12-03 00:00:00-05:00,3666.719971,50.59998322,0.04
2020-12-04 00:00:00-05:00,3699.120117,50.57100677,0.04
2020-12-07 00:00:00-05:00,3691.959961,50.59998322,0.04
2020-12-08 00:00:00-05:00,3702.25,50.61930084,0.04
2020-12-09 00:00:00-05:00,3672.820068,50.64827347,0.04
2020-12-10 00:00:00-05:00,3668.100098,50.6579361,0.04
2020-12-11 00:00:00-05:00,3663.459961,50.71588135,0.04
2020-12-14 00:00:00-05:00,3647.48999,50.71588135,0.04
2020-12-15 00:00:00-05:00,3694.620117,50.71588135,0.04
2020-12-16 00:00:00-05:00,3701.169922,50.73519897,0.04
2020-12-17 00:00:00-05:00,3722.47998,50.68690109,0.04
2020-12-18 00:00:00-05:00,3709.409912,50.73243332,0.04
2020-12-21 00:00:00-05:00,3694.919922,50.74211884,0.04
2020-12-22 00:00:00-05:00,3687.26001,50.79054642,0.04
2020-12-23 00:00:00-05:00,3690.01001,50.8002243,0.04
2020-12-24 00:00:00-05:00,3703.060059,50.81959152,0.04
2020-12-28 00:00:00-05:00,3735.360107,50.81959152,0.04
2020-12-29 00:00:00-05:00,3727.040039,50.79054642,0.04
2020-12-30 00:00:00-05:00,3732.040039,50.78085709,0.04
2020-12-31 00:00:00-05:00,3756.070068,50.83897018,0.04
2021-01-04 00:00:00-05:00,3700.649902,50.8002243,0.23
2021-01-05 00:00:00-05:00,3726.860107,50.83897018,0.23
2021-01-06 00:00:00-05:00,3748.139893,50.8002243,0.23
2021-01-07 00:00:00-05:00,3803.790039,50.73243332,0.23
2021-01-08 00:00:00-05:00,3824.679932,50.63556671,0.23
2021-01-11 00:00:00-05:00,3799.610107,50.62588882,0.23
2021-01-12 00:00:00-05:00,3801.189941,50.64526367,0.23
2021-01-13 00:00:00-05:00,3809.840088,50.66462326,0.23
2021-01-14 00:00:00-05:00,3795.540039,50.59682846,0.23
2021-01-15 00:00:00-05:00,3768.25,50.68400192,0.23
2021-01-19 00:00:00-05:00,3798.909912,50.70337296,0.23
2021-01-20 00:00:00-05:00,3851.850098,50.70337296,0.23
2021-01-21 00:00:00-05:00,3853.070068,50.69368744,0.23
2021-01-22 00:00:00-05:00,3841.469971,50.69368744,0.23
2021-01-25 00:00:00-05:00,3855.360107,50.77117157,0.23
2021-01-26 00:00:00-05:00,3849.620117,50.8583374,0.23
2021-01-27 00:00:00-05:00,3750.77002,50.8583374,0.23
2021-01-28 00:00:00-05:00,3787.379883,50.89707947,0.23
2021-01-29 00:00:00-05:00,3714.23999,50.91645813,0.23
2021-02-01 00:00:00-05:00,3773.860107,50.91547775,0.04
2021-02-02 00:00:00-05:00,3826.310059,50.93488312,0.04
2021-02-03 00:00:00-05:00,3830.169922,50.89608383,0.04
2021-02-04 00:00:00-05:00,3871.73999,50.92517853,0.04
2021-02-05 00:00:00-05:00,3886.830078,50.92517853,0.04
2021-02-08 00:00:00-05:00,3915.590088,50.94458389,0.04
2021-02-09 00:00:00-05:00,3911.22998,51.02217865,0.04
2021-02-10 00:00:00-05:00,3909.879883,51.0803833,0.04
2021-02-11 00:00:00-05:00,3916.379883,51.07068634,0.04
2021-02-12 00:00:00-05:00,3934.830078,51.03187561,0.04
2021-02-16 00:00:00-05:00,3932.590088,50.95428848,0.04
2021-02-17 00:00:00-05:00,3931.330078,50.90577698,0.04
2021-02-18 00:00:00-05:00,3913.969971,50.72147751,0.04
2021-02-19 00:00:00-05:00,3906.709961,50.56628418,0.04
2021-02-22 00:00:00-05:00,3876.5,50.31407166,0.04
2021-02-23 00:00:00-05:00,3881.370117,50.21708298,0.04
2021-02-24 00:00:00-05:00,3925.429932,50.01338196,0.04
2021-02-25 00:00:00-05:00,3829.340088,49.87757874,0.04
2021-02-26 00:00:00-05:00,3811.149902,49.93577194,0.04
2021-03-01 00:00:00-05:00,3901.820068,49.94937897,0.03
2021-03-02 00:00:00-05:00,3870.290039,49.94937897,0.03
2021-03-03 00:00:00-05:00,3819.719971,49.92993927,0.03
2021-03-04 00:00:00-05:00,3768.469971,49.95909882,0.03
2021-03-05 00:00:00-05:00,3841.939941,50.07569122,0.03
2021-03-08 00:00:00-05:00,3821.350098,50.05625916,0.03
2021-03-09 00:00:00-05:00,3875.439941,50.14369965,0.03
2021-03-10 00:00:00-05:00,3898.810059,50.26028061,0.03
2021-03-11 00:00:00-05:00,3939.340088,50.34773254,0.03
2021-03-12 00:00:00-05:00,3943.340088,50.192276,0.03
2021-03-15 00:00:00-04:00,3968.939941,50.28942871,0.03
2021-03-16 00:00:00-04:00,3962.709961,50.27971649,0.03
2021-03-17 00:00:00-04:00,3974.120117,50.192276,0.03
2021-03-18 00:00:00-04:00,3915.459961,49.95909882,0.03
2021-03-19 00:00:00-04:00,3913.100098,49.96880722,0.03
2021-03-22 00:00:00-04:00,3940.590088,50.02711105,0.03
2021-03-23 00:00:00-04:00,3910.52002,50.10482788,0.03
2021-03-24 00:00:00-04:00,3889.139893,50.15340424,0.03
2021-03-25 00:00:00-04:00,3909.52002,50.1631279,0.03
2021-03-26 00:00:00-04:00,3974.540039,50.18257141,0.03
2021-03-29 00:00:00-04:00,3971.090088,50.17284012,0.03
2021-03-30 00:00:00-04:00,3958.550049,50.1631279,0.03
2021-03-31 00:00:00-04:00,3972.889893,50.192276,0.03
2021-04-01 00:00:00-04:00,4019.870117,50.25553131,0.04
2021-04-05 00:00:00-04:00,4077.909912,50.21660614,0.04
2021-04-06 00:00:00-04:00,4073.939941,50.26525116,0.04
2021-04-07 00:00:00-04:00,4079.949951,50.31389999,0.04
2021-04-08 00:00:00-04:00,4097.169922,50.41119766,0.04
2021-04-09 00:00:00-04:00,4128.799805,50.41119766,0.04
2021-04-12 00:00:00-04:00,4127.990234,50.44038773,0.04
2021-04-13 00:00:00-04:00,4141.589844,50.51823044,0.04
2021-04-14 00:00:00-04:00,4124.660156,50.5474205,0.04
2021-04-15 00:00:00-04:00,4170.419922,50.73228455,0.04
2021-04-16 00:00:00-04:00,4185.470215,50.69337463,0.04
2021-04-19 00:00:00-04:00,4163.259766,50.67391205,0.04
2021-04-20 00:00:00-04:00,4134.939941,50.7030983,0.04
2021-04-21 00:00:00-04:00,4173.419922,50.68363571,0.04
2021-04-22 00:00:00-04:00,4134.97998,50.7420311,0.04
2021-04-23 00:00:00-04:00,4180.169922,50.73228455,0.04
2021-04-26 00:00:00-04:00,4187.620117,50.75175095,0.04
2021-04-27 00:00:00-04:00,4186.720215,50.69337463,0.04
2021-04-28 00:00:00-04:00,4183.180176,50.7420311,0.04
2021-04-29 00:00:00-04:00,4211.470215,50.63500214,0.04
2021-04-30 00:00:00-04:00,4181.169922,50.58634186,0.04
2021-05-03 00:00:00-04:00,4192.660156,50.58633804,0.04
2021-05-04 00:00:00-04:00,4164.660156,50.58633804,0.04
2021-05-05 00:00:00-04:00,4167.589844,50.65455246,0.04
2021-05-06 00:00:00-04:00,4201.620117,50.66430283,0.04
2021-05-07 00:00:00-04:00,4232.600098,50.69353867,0.04
2021-05-10 00:00:00-04:00,4188.430176,50.64481354,0.04
2021-05-11 00:00:00-04:00,4152.100098,50.62532043,0.04
2021-05-12 00:00:00-04:00,4063.040039,50.55710602,0.04
2021-05-13 00:00:00-04:00,4112.5,50.58633804,0.04
2021-05-14 00:00:00-04:00,4173.850098,50.62532043,0.04
2021-05-17 00:00:00-04:00,4163.290039,50.60582352,0.04
2021-05-18 00:00:00-04:00,4127.830078,50.63506317,0.04
2021-05-19 00:00:00-04:00,4115.680176,50.53762436,0.04
2021-05-20 00:00:00-04:00,4159.120117,50.57659912,0.04
2021-05-21 00:00:00-04:00,4155.859863,50.59608459,0.04
2021-05-24 00:00:00-04:00,4197.049805,50.60582352,0.04
2021-05-25 00:00:00-04:00,4188.129883,50.65455246,0.04
2021-05-26 00:00:00-04:00,4195.990234,50.7032814,0.04
2021-05-27 00:00:00-04:00,4200.879883,50.7032814,0.04
2021-05-28 00:00:00-04:00,4204.109863,50.76174545,0.04
2021-06-01 00:00:00-04:00,4202.040039,50.77541733,0.05
2021-06-02 00:00:00-04:00,4208.120117,50.76565552,0.05
2021-06-03 00:00:00-04:00,4192.850098,50.75589752,0.05
2021-06-04 00:00:00-04:00,4229.890137,50.87300491,0.05
2021-06-07 00:00:00-04:00,4226.52002,50.87300491,0.05
2021-06-08 00:00:00-04:00,4227.259766,50.96084213,0.05
2021-06-09 00:00:00-04:00,4219.549805,51.09745407,0.05
2021-06-10 00:00:00-04:00,4239.180176,51.1267395,0.05
2021-06-11 00:00:00-04:00,4247.439941,51.08769989,0.05
2021-06-14 00:00:00-04:00,4255.149902,51.09745407,0.05
2021-06-15 00:00:00-04:00,4246.589844,51.01937866,0.05
2021-06-16 00:00:00-04:00,4223.700195,50.97058868,0.05
2021-06-17 00:00:00-04:00,4221.859863,50.97058868,0.05
2021-06-18 00:00:00-04:00,4166.450195,50.93154907,0.05
2021-06-21 00:00:00-04:00,4224.790039,50.89252472,0.05
2021-06-22 00:00:00-04:00,4246.439941,50.89252472,0.05
2021-06-23 00:00:00-04:00,4241.839844,50.78518295,0.05
2021-06-24 00:00:00-04:00,4266.490234,50.77541733,0.05
2021-06-25 00:00:00-04:00,4280.700195,50.75589752,0.05
2021-06-28 00:00:00-04:00,4290.609863,50.8339653,0.05
2021-06-29 00:00:00-04:00,4291.799805,50.79492188,0.05
2021-06-30 00:00:00-04:00,4297.5,50.85348129,0.05
2021-07-01 00:00:00-04:00,4319.939941,50.82905579,0.05
2021-07-02 00:00:00-04:00,4352.339844,50.9267807,0.05
2021-07-06 00:00:00-04:00,4343.540039,51.0147438,0.05
2021-07-07 00:00:00-04:00,4358.129883,51.0831604,0.05
2021-07-08 00:00:00-04:00,4320.819824,51.13201904,0.05
2021-07-09 00:00:00-04:00,4369.549805,51.10269547,0.05
2021-07-12 00:00:00-04:00,4384.629883,51.13201904,0.05
2021-07-13 00:00:00-04:00,4369.209961,51.16133499,0.05
2021-07-14 00:00:00-04:00,4374.299805,51.20043182,0.05
2021-07-15 00:00:00-04:00,4360.029785,51.22974014,0.05
2021-07-16 00:00:00-04:00,4327.160156,51.21996689,0.05
2021-07-19 00:00:00-04:00,4258.490234,51.31769943,0.05
2021-07-20 00:00:00-04:00,4323.060059,51.28837967,0.05
2021-07-21 00:00:00-04:00,4358.689941,51.22974014,0.05
2021-07-22 00:00:00-04:00,4367.47998,51.26882935,0.05
2021-07-23 00:00:00-04:00,4411.790039,51.20043182,0.05
2021-07-26 00:00:00-04:00,4422.299805,51.23950958,0.05
2021-07-27 00:00:00-04:00,4401.459961,51.21996689,0.05
2021-07-28 00:00:00-04:00,4400.640137,51.22974014,0.05
2021-07-29 00:00:00-04:00,4419.149902,51.20043182,0.05
2021-07-30 00:00:00-04:00,4395.259766,51.16133499,0.05
2021-08-02 00:00:00-04:00,4387.160156,51.20145798,0.04
2021-08-03 00:00:00-04:00,4423.149902,51.22103119,0.04
2021-08-04 00:00:00-04:00,4402.660156,51.24059677,0.04
2021-08-05 00:00:00-04:00,4429.100098,51.22103119,0.04
2021-08-06 00:00:00-04:00,4436.52002,51.13294601,0.04
2021-08-09 00:00:00-04:00,4432.350098,51.09381104,0.04
2021-08-10 00:00:00-04:00,4436.75,51.07423019,0.04
2021-08-11 00:00:00-04:00,4442.410156,51.05466843,0.04
2021-08-12 00:00:00-04:00,4460.830078,51.015522,0.04
2021-08-13 00:00:00-04:00,4468,50.98616028,0.04
2021-08-16 00:00:00-04:00,4479.709961,51.0253067,0.04
2021-08-17 00:00:00-04:00,4448.080078,51.0253067,0.04
2021-08-18 00:00:00-04:00,4400.27002,51.0253067,0.04
2021-08-19 00:00:00-04:00,4405.799805,50.99594498,0.04
2021-08-20 00:00:00-04:00,4441.669922,50.98616028,0.04
2021-08-23 00:00:00-04:00,4479.529785,51.015522,0.04
2021-08-24 00:00:00-04:00,4486.22998,50.98616028,0.04
2021-08-25 00:00:00-04:00,4496.189941,50.98616028,0.04
2021-08-26 00:00:00-04:00,4470,50.96658325,0.04
2021-08-27 00:00:00-04:00,4509.370117,50.98616028,0.04
2021-08-30 00:00:00-04:00,4528.790039,51.015522,0.04
2021-08-31 00:00:00-04:00,4522.680176,51.00572586,0.04
2021-09-01 00:00:00-04:00,4524.089844,51.00768661,0.04
2021-09-02 00:00:00-04:00,4536.950195,50.97829819,0.04
2021-09-03 00:00:00-04:00,4535.430176,50.93909073,0.04
2021-09-07 00:00:00-04:00,4520.029785,50.87049484,0.04
2021-09-08 00:00:00-04:00,4514.069824,50.9292984,0.04
2021-09-09 00:00:00-04:00,4493.279785,50.99790192,0.04
2021-09-10 00:00:00-04:00,4458.580078,50.919487,0.04
2021-09-13 00:00:00-04:00,4468.72998,50.95869064,0.04
2021-09-14 00:00:00-04:00,4443.049805,51.0174942,0.04
2021-09-15 00:00:00-04:00,4480.700195,50.97829819,0.04
2021-09-16 00:00:00-04:00,4473.75,50.93909073,0.04
2021-09-17 00:00:00-04:00,4432.990234,50.94889832,0.04
2021-09-20 00:00:00-04:00,4357.72998,50.99790192,0.04
2021-09-21 00:00:00-04:00,4354.189941,50.95869064,0.04
2021-09-22 00:00:00-04:00,4395.640137,50.95869064,0.04
2021-09-23 00:00:00-04:00,4448.97998,50.84109116,0.04
2021-09-24 00:00:00-04:00,4455.47998,50.81169891,0.04
2021-09-27 00:00:00-04:00,4443.109863,50.76270294,0.04
2021-09-28 00:00:00-04:00,4352.629883,50.60591125,0.04
2021-09-29 00:00:00-04:00,4359.459961,50.57649994,0.04
2021-09-30 00:00:00-04:00,4307.540039,50.53730392,0.04
2021-10-01 00:00:00-04:00,4357.040039,50.55005646,0.04
2021-10-04 00:00:00-04:00,4300.459961,50.53044128,0.04
2021-10-05 00:00:00-04:00,4345.720215,50.51081467,0.04
2021-10-06 00:00:00-04:00,4363.549805,50.54024506,0.04
2021-10-07 00:00:00-04:00,4399.759766,50.51081467,0.04
2021-10-08 00:00:00-04:00,4391.339844,50.45192337,0.04
2021-10-11 00:00:00-04:00,4361.189941,50.38323593,0.04
2021-10-12 00:00:00-04:00,4350.649902,50.49118423,0.04
2021-10-13 00:00:00-04:00,4363.799805,50.4813652,0.04
2021-10-14 00:00:00-04:00,4438.259766,50.4813652,0.04
2021-10-15 00:00:00-04:00,4471.370117,50.47155762,0.04
2021-10-18 00:00:00-04:00,4486.459961,50.51081467,0.04
2021-10-19 00:00:00-04:00,4519.629883,50.43229675,0.04
2021-10-20 00:00:00-04:00,4536.189941,50.44211197,0.04
2021-10-21 00:00:00-04:00,4549.779785,50.2949028,0.04
2021-10-22 00:00:00-04:00,4544.899902,50.34397507,0.04
2021-10-25 00:00:00-04:00,4566.47998,50.32434464,0.04
2021-10-26 00:00:00-04:00,4574.790039,50.34397507,0.04
2021-10-27 00:00:00-04:00,4551.680176,50.42248535,0.04
2021-10-28 00:00:00-04:00,4596.419922,50.42248535,0.04
2021-10-29 00:00:00-04:00,4605.379883,50.50098801,0.04
2021-11-01 00:00:00-04:00,4613.669922,50.44006729,0.06
2021-11-02 00:00:00-04:00,4630.649902,50.4499054,0.06
2021-11-03 00:00:00-04:00,4660.569824,50.46955109,0.06
2021-11-04 00:00:00-04:00,4680.060059,50.56781387,0.06
2021-11-05 00:00:00-04:00,4697.529785,50.66608429,0.06
2021-11-08 00:00:00-05:00,4701.700195,50.69556808,0.06
2021-11-09 00:00:00-05:00,4685.25,50.78400803,0.06
2021-11-10 00:00:00-05:00,4646.709961,50.74470139,0.06
2021-11-11 00:00:00-05:00,4649.27002,50.72503662,0.06
2021-11-12 00:00:00-05:00,4682.850098,50.74470139,0.06
2021-11-15 00:00:00-05:00,4682.799805,50.72503662,0.06
2021-11-16 00:00:00-05:00,4700.899902,50.64643097,0.06
2021-11-17 00:00:00-05:00,4688.669922,50.66608429,0.06
2021-11-18 00:00:00-05:00,4704.540039,50.64643097,0.06
2021-11-19 00:00:00-05:00,4697.959961,50.68573761,0.06
2021-11-22 00:00:00-05:00,4682.939941,50.72503662,0.06
2021-11-23 00:00:00-05:00,4690.700195,50.65625381,0.06
2021-11-24 00:00:00-05:00,4701.459961,50.68573761,0.06
2021-11-26 00:00:00-05:00,4594.620117,50.81347656,0.06
2021-11-29 00:00:00-05:00,4655.27002,50.78400803,0.06
2021-11-30 00:00:00-05:00,4567,50.882267,0.06
2021-12-01 00:00:00-05:00,4513.040039,50.91179657,0.06
2021-12-02 00:00:00-05:00,4577.100098,50.89210892,0.06
2021-12-03 00:00:00-05:00,4538.430176,50.9413147,0.06
2021-12-06 00:00:00-05:00,4591.669922,50.90194702,0.06
2021-12-07 00:00:00-05:00,4686.75,50.88227081,0.06
2021-12-08 00:00:00-05:00,4701.209961,50.84290695,0.06
2021-12-09 00:00:00-05:00,4667.450195,50.79370499,0.06
2021-12-10 00:00:00-05:00,4712.02002,50.87243652,0.06
2021-12-13 00:00:00-05:00,4668.970215,50.9708252,0.06
2021-12-14 00:00:00-05:00,4634.089844,50.93146133,0.06
2021-12-15 00:00:00-05:00,4709.850098,50.92163086,0.06
2021-12-16 00:00:00-05:00,4668.669922,50.96098709,0.06
2021-12-17 00:00:00-05:00,4620.640137,50.95705414,0.06
2021-12-20 00:00:00-05:00,4568.02002,50.9866066,0.06
2021-12-21 00:00:00-05:00,4649.22998,50.93735123,0.06
2021-12-22 00:00:00-05:00,4696.560059,50.99645233,0.06
2021-12-23 00:00:00-05:00,4725.790039,50.97676468,0.06
2021-12-27 00:00:00-05:00,4791.189941,50.97676468,0.06
2021-12-28 00:00:00-05:00,4786.350098,51.03586197,0.06
2021-12-29 00:00:00-05:00,4793.060059,50.91763687,0.06
2021-12-30 00:00:00-05:00,4778.72998,50.99645233,0.06
2021-12-31 00:00:00-05:00,4766.180176,50.96689987,0.06
2022-01-03 00:00:00-05:00,4796.560059,50.89793015,0.14
2022-01-04 00:00:00-05:00,4793.540039,50.86837387,0.14
2022-01-05 00:00:00-05:00,4700.580078,50.82896805,0.14
2022-01-06 00:00:00-05:00,4696.049805,50.80926514,0.14
2022-01-07 00:00:00-05:00,4677.029785,50.61220932,0.14
2022-01-10 00:00:00-05:00,4670.290039,50.49398422,0.14
2022-01-11 00:00:00-05:00,4713.069824,50.42501831,0.14
2022-01-12 00:00:00-05:00,4726.350098,50.43486786,0.14
2022-01-13 00:00:00-05:00,4659.029785,50.42501831,0.14
2022-01-14 00:00:00-05:00,4662.850098,50.39545441,0.14
2022-01-18 00:00:00-05:00,4577.109863,50.29693222,0.14
2022-01-19 00:00:00-05:00,4532.759766,50.23781967,0.14
2022-01-20 00:00:00-05:00,4482.72998,50.28708267,0.14
2022-01-21 00:00:00-05:00,4397.939941,50.19840622,0.14
2022-01-24 00:00:00-05:00,4410.129883,50.12944031,0.14
2022-01-25 00:00:00-05:00,4356.450195,49.97180557,0.14
2022-01-26 00:00:00-05:00,4349.930176,49.8338623,0.14
2022-01-27 00:00:00-05:00,4326.509766,49.73534012,0.14
2022-01-28 00:00:00-05:00,4431.850098,49.50873566,0.14
2022-01-31 00:00:00-05:00,4515.549805,49.46932602,0.14
2022-02-01 00:00:00-05:00,4546.540039,49.53147507,0.11
2022-02-02 00:00:00-05:00,4589.379883,49.67944717,0.11
2022-02-03 00:00:00-05:00,4477.439941,49.72877121,0.11
2022-02-04 00:00:00-05:00,4500.529785,49.71890259,0.11
2022-02-07 00:00:00-05:00,4483.870117,49.68930817,0.11
2022-02-08 00:00:00-05:00,4521.540039,49.56106186,0.11
2022-02-09 00:00:00-05:00,4587.180176,49.61039734,0.11
2022-02-10 00:00:00-05:00,4504.080078,49.28485489,0.11
2022-02-11 00:00:00-05:00,4418.640137,49.12701416,0.11
2022-02-14 00:00:00-05:00,4401.669922,49.04809189,0.11
2022-02-15 00:00:00-05:00,4471.069824,48.8902626,0.11
2022-02-16 00:00:00-05:00,4475.009766,48.94944763,0.11
2022-02-17 00:00:00-05:00,4380.259766,48.99876785,0.11
2022-02-18 00:00:00-05:00,4348.870117,48.94944763,0.11
2022-02-22 00:00:00-05:00,4304.759766,49.01849365,0.11
2022-02-23 00:00:00-05:00,4225.5,49.02836227,0.11
2022-02-24 00:00:00-05:00,4288.700195,49.08755875,0.11
2022-02-25 00:00:00-05:00,4384.649902,49.0382309,0.11
2022-02-28 00:00:00-05:00,4373.939941,49.09741592,0.11
2022-03-01 00:00:00-05:00,4306.259766,49.30685425,0.09
2022-03-02 00:00:00-05:00,4386.540039,49.12903595,0.09
2022-03-03 00:00:00-05:00,4363.490234,49.04012299,0.09
2022-03-04 00:00:00-05:00,4328.870117,49.02036285,0.09
2022-03-07 00:00:00-05:00,4201.089844,48.94132996,0.09
2022-03-08 00:00:00-05:00,4170.700195,48.73387146,0.09
2022-03-09 00:00:00-05:00,4277.879883,48.65483093,0.09
2022-03-10 00:00:00-05:00,4259.52002,48.5165329,0.09
2022-03-11 00:00:00-05:00,4204.310059,48.3782196,0.09
2022-03-14 00:00:00-04:00,4173.109863,48.01268387,0.09
2022-03-15 00:00:00-04:00,4262.450195,47.81510925,0.09
2022-03-16 00:00:00-04:00,4357.859863,47.97317505,0.09
2022-03-17 00:00:00-04:00,4411.669922,48.02256775,0.09
2022-03-18 00:00:00-04:00,4463.120117,48.12135696,0.09
2022-03-21 00:00:00-04:00,4461.180176,47.9040184,0.09
2022-03-22 00:00:00-04:00,4511.609863,47.78546906,0.09
2022-03-23 00:00:00-04:00,4456.240234,47.65703583,0.09
2022-03-24 00:00:00-04:00,4520.160156,47.48909378,0.09
2022-03-25 00:00:00-04:00,4543.060059,47.35078049,0.09
2022-03-28 00:00:00-04:00,4575.52002,47.26187134,0.09
2022-03-29 00:00:00-04:00,4631.600098,47.17295837,0.09
2022-03-30 00:00:00-04:00,4602.450195,47.2717514,0.09
2022-03-31 00:00:00-04:00,4530.410156,47.30138779,0.09
2022-04-01 00:00:00-04:00,4545.859863,47.28456879,0.06
2022-04-04 00:00:00-04:00,4582.640137,47.4329567,0.06
2022-04-05 00:00:00-04:00,4525.120117,47.28456879,0.06
2022-04-06 00:00:00-04:00,4481.149902,47.11640167,0.06
2022-04-07 00:00:00-04:00,4500.209961,46.94823837,0.06
2022-04-08 00:00:00-04:00,4488.279785,46.85920334,0.06
2022-04-11 00:00:00-04:00,4412.529785,46.67125702,0.06
2022-04-12 00:00:00-04:00,4397.450195,46.53276443,0.06
2022-04-13 00:00:00-04:00,4446.589844,46.54265594,0.06
2022-04-14 00:00:00-04:00,4392.589844,46.28546524,0.06
2022-04-18 00:00:00-04:00,4391.689941,46.16675568,0.06
2022-04-19 00:00:00-04:00,4462.209961,45.90956116,0.06
2022-04-20 00:00:00-04:00,4459.450195,45.96891022,0.06
2022-04-21 00:00:00-04:00,4393.660156,45.77106857,0.06
2022-04-22 00:00:00-04:00,4271.779785,45.79085541,0.06
2022-04-25 00:00:00-04:00,4296.120117,45.7117157,0.06
2022-04-26 00:00:00-04:00,4175.200195,45.70182419,0.06
2022-04-27 00:00:00-04:00,4183.959961,45.75128555,0.06
2022-04-28 00:00:00-04:00,4287.5,45.68204117,0.06
2022-04-29 00:00:00-04:00,4131.930176,45.59301376,0.06
2022-05-02 00:00:00-04:00,4155.379883,45.55139923,0.1
2022-05-03 00:00:00-04:00,4175.47998,45.54150009,0.1
2022-05-04 00:00:00-04:00,4300.169922,45.54150009,0.1
2022-05-05 00:00:00-04:00,4146.870117,45.42261124,0.1
2022-05-06 00:00:00-04:00,4123.339844,45.28392029,0.1
2022-05-09 00:00:00-04:00,3991.23999,45.09569168,0.1
2022-05-10 00:00:00-04:00,4001.050049,45.02634811,0.1
2022-05-11 00:00:00-04:00,3935.179932,44.98671341,0.1
2022-05-12 00:00:00-04:00,3930.080078,44.96689987,0.1
2022-05-13 00:00:00-04:00,4023.889893,44.87774658,0.1
2022-05-16 00:00:00-04:00,4008.01001,44.87774658,0.1
2022-05-17 00:00:00-04:00,4088.850098,44.72914124,0.1
2022-05-18 00:00:00-04:00,3923.679932,44.64988708,0.1
2022-05-19 00:00:00-04:00,3900.790039,44.86783981,0.1
2022-05-20 00:00:00-04:00,3901.360107,45.06597137,0.1
2022-05-23 00:00:00-04:00,3973.75,45.23438644,0.1
2022-05-24 00:00:00-04:00,3941.47998,45.59103394,0.1
2022-05-25 00:00:00-04:00,3978.72998,45.92786407,0.1
2022-05-26 00:00:00-04:00,4057.840088,46.20524979,0.1
2022-05-27 00:00:00-04:00,4158.240234,46.46282578,0.1
2022-05-31 00:00:00-04:00,4132.149902,46.42320251,0.1
2022-06-01 00:00:00-04:00,4101.22998,46.47776031,1.43
2022-06-02 00:00:00-04:00,4176.819824,46.49760056,1.43
2022-06-03 00:00:00-04:00,4108.540039,46.44800186,1.43
2022-06-06 00:00:00-04:00,4121.430176,46.41824341,1.43
2022-06-07 00:00:00-04:00,4160.680176,46.35871506,1.43
2022-06-08 00:00:00-04:00,4115.77002,46.25951385,1.43
2022-06-09 00:00:00-04:00,4017.820068,46.04125977,1.43
2022-06-10 00:00:00-04:00,3900.860107,45.81308746,1.43
2022-06-13 00:00:00-04:00,3749.629883,45.13849258,1.43
2022-06-14 00:00:00-04:00,3735.47998,44.96983719,1.43
2022-06-15 00:00:00-04:00,3789.98999,45.09880447,1.43
2022-06-16 00:00:00-04:00,3666.77002,44.86071396,1.43
2022-06-17 00:00:00-04:00,3674.840088,45.02936172,1.43
2022-06-21 00:00:00-04:00,3764.790039,44.90039444,1.43
2022-06-22 00:00:00-04:00,3759.889893,45.05912781,1.43
2022-06-23 00:00:00-04:00,3795.72998,45.2872963,1.43
2022-06-24 00:00:00-04:00,3911.73999,45.24761963,1.43
2022-06-27 00:00:00-04:00,3900.110107,45.26745605,1.43
2022-06-28 00:00:00-04:00,3821.550049,45.24761963,1.43
2022-06-29 00:00:00-04:00,3818.830078,45.35674667,1.43
2022-06-30 00:00:00-04:00,3785.379883,45.49562836,1.43
2022-07-01 00:00:00-04:00,3825.330078,45.73608398,0.94
2022-07-05 00:00:00-04:00,3831.389893,45.87519073,0.94
2022-07-06 00:00:00-04:00,3845.080078,45.95467758,0.94
2022-07-07 00:00:00-04:00,3902.620117,45.95467758,0.94
2022-07-08 00:00:00-04:00,3899.379883,45.97455215,0.94
2022-07-11 00:00:00-04:00,3854.429932,46.054039,0.94
2022-07-12 00:00:00-04:00,3818.800049,46.07390976,0.94
2022-07-13 00:00:00-04:00,3801.780029,46.13352966,0.94
2022-07-14 00:00:00-04:00,3790.379883,46.2328949,0.94
2022-07-15 00:00:00-04:00,3863.159912,46.21301651,0.94
2022-07-18 00:00:00-04:00,3830.850098,46.17327499,0.94
2022-07-19 00:00:00-04:00,3936.689941,46.16334152,0.94
2022-07-20 00:00:00-04:00,3959.899902,46.24282837,0.94
2022-07-21 00:00:00-04:00,3998.949951,46.20308304,0.94
2022-07-22 00:00:00-04:00,3961.629883,46.45148468,0.94
2022-07-25 00:00:00-04:00,3966.840088,46.30244064,0.94
2022-07-26 00:00:00-04:00,3921.050049,46.46142197,0.94
2022-07-27 00:00:00-04:00,4023.610107,46.57071686,0.94
2022-07-28 00:00:00-04:00,4072.429932,46.80918884,0.94
2022-07-29 00:00:00-04:00,4130.290039,46.82906342,0.94
2022-08-01 00:00:00-04:00,4118.629883,46.92757034,1.19
2022-08-02 00:00:00-04:00,4091.189941,46.97732162,1.19
2022-08-03 00:00:00-04:00,4155.169922,46.97732162,1.19
2022-08-04 00:00:00-04:00,4151.939941,46.97732162,1.19
2022-08-05 00:00:00-04:00,4145.189941,46.66885376,1.19
2022-08-08 00:00:00-04:00,4140.060059,46.7086525,1.19
2022-08-09 00:00:00-04:00,4122.470215,46.71860886,1.19
2022-08-10 00:00:00-04:00,4210.240234,46.71860886,1.19
2022-08-11 00:00:00-04:00,4207.27002,46.67880249,1.19
2022-08-12 00:00:00-04:00,4280.149902,46.76836014,1.19
2022-08-15 00:00:00-04:00,4297.140137,46.72855377,1.19
2022-08-16 00:00:00-04:00,4305.200195,46.57929993,1.19
2022-08-17 00:00:00-04:00,4274.040039,46.30067444,1.19
2022-08-18 00:00:00-04:00,4283.740234,46.28077316,1.19
2022-08-19 00:00:00-04:00,4228.47998,46.08176041,1.19
2022-08-22 00:00:00-04:00,4137.990234,45.92255402,1.19
2022-08-23 00:00:00-04:00,4128.72998,45.94244766,1.19
2022-08-24 00:00:00-04:00,4140.77002,45.83299255,1.19
2022-08-25 00:00:00-04:00,4199.120117,45.81309128,1.19
2022-08-26 00:00:00-04:00,4057.659912,45.74343872,1.19
2022-08-29 00:00:00-04:00,4030.610107,45.52451706,1.19
2022-08-30 00:00:00-04:00,3986.159912,45.52451706,1.19
2022-08-31 00:00:00-04:00,3955,45.40511322,1.19
2022-09-01 00:00:00-04:00,3966.850098,45.27654648,2.26
2022-09-02 00:00:00-04:00,3924.26001,45.38617706,2.26
2022-09-06 00:00:00-04:00,3908.189941,45.16691971,2.26
2022-09-07 00:00:00-04:00,3979.870117,45.20678329,2.26
2022-09-08 00:00:00-04:00,4006.179932,45.08718872,2.26
2022-09-09 00:00:00-04:00,4067.360107,45.1768837,2.26
2022-09-12 00:00:00-04:00,4110.410156,45.25661469,2.26
2022-09-13 00:00:00-04:00,3932.689941,44.98752594,2.26
2022-09-14 00:00:00-04:00,3946.01001,44.95762634,2.26
2022-09-15 00:00:00-04:00,3901.350098,44.85796356,2.26
2022-09-16 00:00:00-04:00,3873.330078,44.84799957,2.26
2022-09-19 00:00:00-04:00,3899.889893,44.76826859,2.26
2022-09-20 00:00:00-04:00,3855.929932,44.51911163,2.26
2022-09-21 00:00:00-04:00,3789.929932,44.60881042,2.26
2022-09-22 00:00:00-04:00,3757.98999,44.29985809,2.26
2022-09-23 00:00:00-04:00,3693.22998,44.2400589,2.26
2022-09-26 00:00:00-04:00,3655.040039,44.00087357,2.26
2022-09-27 00:00:00-04:00,3647.290039,43.87131119,2.26
2022-09-28 00:00:00-04:00,3719.040039,43.801548,2.26
2022-09-29 00:00:00-04:00,3640.469971,43.77164459,2.26
2022-09-30 00:00:00-04:00,3585.620117,43.84141159,2.26
2022-10-03 00:00:00-04:00,3678.429932,44.00513458,2.26
2022-10-04 00:00:00-04:00,3790.929932,44.38448715,2.26
2022-10-05 00:00:00-04:00,3783.280029,44.31460571,2.26
2022-10-06 00:00:00-04:00,3744.52002,44.33457184,2.26
2022-10-07 00:00:00-04:00,3639.659912,44.31460571,2.26
2022-10-10 00:00:00-04:00,3612.389893,44.19480896,2.26
2022-10-11 00:00:00-04:00,3588.840088,44.41444016,2.26
2022-10-12 00:00:00-04:00,3577.030029,44.36452103,2.26
2022-10-13 00:00:00-04:00,3669.909912,44.19480896,2.26
2022-10-14 00:00:00-04:00,3583.070068,44.25471115,2.26
2022-10-17 00:00:00-04:00,3677.949951,44.27467346,2.26
2022-10-18 00:00:00-04:00,3719.97998,44.41444016,2.26
2022-10-19 00:00:00-04:00,3695.159912,44.25471115,2.26
2022-10-20 00:00:00-04:00,3665.780029,44.02509689,2.26
